condition,gamma,output,relative_path,severity,source
gamma,1.1156,stress\gamma\0003_000000.jpg,0003_000000.jpg,2,test\0003_000000.png
gamma,0.7163,stress\gamma\0003_000001.jpg,0003_000001.jpg,2,test\0003_000001.png
gamma,0.8788,stress\gamma\0003_000002.jpg,0003_000002.jpg,2,test\0003_000002.png
gamma,0.8451,stress\gamma\0003_000003.jpg,0003_000003.jpg,2,test\0003_000003.png
gamma,1.1787,stress\gamma\0003_000004.jpg,0003_000004.jpg,2,test\0003_000004.png
gamma,1.1399,stress\gamma\0003_000005.jpg,0003_000005.jpg,2,test\0003_000005.png
gamma,1.2799,stress\gamma\0003_000006.jpg,0003_000006.jpg,2,test\0003_000006.png
gamma,0.7565,stress\gamma\0003_000007.jpg,0003_000007.jpg,2,test\0003_000007.png
gamma,0.9742,stress\gamma\0003_000008.jpg,0003_000008.jpg,2,test\0003_000008.png
gamma,0.7194,stress\gamma\0003_000009.jpg,0003_000009.jpg,2,test\0003_000009.png
gamma,0.8421,stress\gamma\0003_000010.jpg,0003_000010.jpg,2,test\0003_000010.png
gamma,1.0285,stress\gamma\0003_000011.jpg,0003_000011.jpg,2,test\0003_000011.png
gamma,0.7172,stress\gamma\0003_000012.jpg,0003_000012.jpg,2,test\0003_000012.png
gamma,0.8292,stress\gamma\0003_000013.jpg,0003_000013.jpg,2,test\0003_000013.png
gamma,1.1224,stress\gamma\0003_000014.jpg,0003_000014.jpg,2,test\0003_000014.png
gamma,1.0542,stress\gamma\0003_000015.jpg,0003_000015.jpg,2,test\0003_000015.png
gamma,0.8433,stress\gamma\0003_000016.jpg,0003_000016.jpg,2,test\0003_000016.png
gamma,1.083,stress\gamma\0003_000017.jpg,0003_000017.jpg,2,test\0003_000017.png
gamma,1.2261,stress\gamma\0003_000018.jpg,0003_000018.jpg,2,test\0003_000018.png
gamma,0.7042,stress\gamma\0003_000019.jpg,0003_000019.jpg,2,test\0003_000019.png
gamma,1.2238,stress\gamma\0003_000020.jpg,0003_000020.jpg,2,test\0003_000020.png
gamma,1.1538,stress\gamma\0003_000021.jpg,0003_000021.jpg,2,test\0003_000021.png
gamma,0.9212,stress\gamma\0003_000022.jpg,0003_000022.jpg,2,test\0003_000022.png
gamma,0.8011,stress\gamma\0003_000023.jpg,0003_000023.jpg,2,test\0003_000023.png
gamma,1.3222,stress\gamma\0003_000024.jpg,0003_000024.jpg,2,test\0003_000024.png
gamma,0.9188,stress\gamma\0003_000025.jpg,0003_000025.jpg,2,test\0003_000025.png
gamma,0.7603,stress\gamma\0003_000026.jpg,0003_000026.jpg,2,test\0003_000026.png
gamma,0.7629,stress\gamma\0003_000027.jpg,0003_000027.jpg,2,test\0003_000027.png
gamma,1.2509,stress\gamma\0003_000028.jpg,0003_000028.jpg,2,test\0003_000028.png
gamma,1.0924,stress\gamma\0003_000029.jpg,0003_000029.jpg,2,test\0003_000029.png
gamma,1.2246,stress\gamma\0003_000030.jpg,0003_000030.jpg,2,test\0003_000030.png
gamma,1.1743,stress\gamma\0003_000031.jpg,0003_000031.jpg,2,test\0003_000031.png
gamma,1.0485,stress\gamma\0003_000032.jpg,0003_000032.jpg,2,test\0003_000032.png
gamma,1.3325,stress\gamma\0003_000033.jpg,0003_000033.jpg,2,test\0003_000033.png
gamma,0.946,stress\gamma\0003_000034.jpg,0003_000034.jpg,2,test\0003_000034.png
gamma,1.0588,stress\gamma\0003_000035.jpg,0003_000035.jpg,2,test\0003_000035.png
gamma,1.2391,stress\gamma\0003_000036.jpg,0003_000036.jpg,2,test\0003_000036.png
gamma,1.102,stress\gamma\0003_000037.jpg,0003_000037.jpg,2,test\0003_000037.png
gamma,1.2601,stress\gamma\0003_000038.jpg,0003_000038.jpg,2,test\0003_000038.png
gamma,1.0753,stress\gamma\0003_000039.jpg,0003_000039.jpg,2,test\0003_000039.png
gamma,1.158,stress\gamma\0003_000040.jpg,0003_000040.jpg,2,test\0003_000040.png
gamma,0.7298,stress\gamma\0003_000041.jpg,0003_000041.jpg,2,test\0003_000041.png
gamma,0.8481,stress\gamma\0003_000042.jpg,0003_000042.jpg,2,test\0003_000042.png
gamma,0.8881,stress\gamma\0003_000043.jpg,0003_000043.jpg,2,test\0003_000043.png
gamma,0.7519,stress\gamma\0003_000044.jpg,0003_000044.jpg,2,test\0003_000044.png
gamma,0.8513,stress\gamma\0003_000045.jpg,0003_000045.jpg,2,test\0003_000045.png
gamma,0.7657,stress\gamma\0003_000046.jpg,0003_000046.jpg,2,test\0003_000046.png
gamma,0.8807,stress\gamma\0003_000047.jpg,0003_000047.jpg,2,test\0003_000047.png
gamma,1.1132,stress\gamma\0003_000048.jpg,0003_000048.jpg,2,test\0003_000048.png
gamma,0.9371,stress\gamma\0003_000049.jpg,0003_000049.jpg,2,test\0003_000049.png
gamma,0.9406,stress\gamma\0003_000050.jpg,0003_000050.jpg,2,test\0003_000050.png
gamma,0.8362,stress\gamma\0003_000051.jpg,0003_000051.jpg,2,test\0003_000051.png
gamma,0.8735,stress\gamma\0003_000052.jpg,0003_000052.jpg,2,test\0003_000052.png
gamma,1.3088,stress\gamma\0003_000053.jpg,0003_000053.jpg,2,test\0003_000053.png
gamma,1.1212,stress\gamma\0003_000054.jpg,0003_000054.jpg,2,test\0003_000054.png
gamma,1.0959,stress\gamma\0003_000055.jpg,0003_000055.jpg,2,test\0003_000055.png
gamma,0.8112,stress\gamma\0003_000056.jpg,0003_000056.jpg,2,test\0003_000056.png
gamma,1.1739,stress\gamma\0003_000057.jpg,0003_000057.jpg,2,test\0003_000057.png
gamma,0.8062,stress\gamma\0003_000058.jpg,0003_000058.jpg,2,test\0003_000058.png
gamma,0.9466,stress\gamma\0003_000059.jpg,0003_000059.jpg,2,test\0003_000059.png
gamma,1.3432,stress\gamma\0003_000060.jpg,0003_000060.jpg,2,test\0003_000060.png
gamma,1.116,stress\gamma\0003_000061.jpg,0003_000061.jpg,2,test\0003_000061.png
gamma,1.062,stress\gamma\0003_000062.jpg,0003_000062.jpg,2,test\0003_000062.png
gamma,1.145,stress\gamma\0003_000063.jpg,0003_000063.jpg,2,test\0003_000063.png
gamma,1.2479,stress\gamma\0003_000064.jpg,0003_000064.jpg,2,test\0003_000064.png
gamma,1.2044,stress\gamma\0003_000065.jpg,0003_000065.jpg,2,test\0003_000065.png
gamma,0.8489,stress\gamma\0003_000066.jpg,0003_000066.jpg,2,test\0003_000066.png
gamma,0.7209,stress\gamma\0003_000067.jpg,0003_000067.jpg,2,test\0003_000067.png
gamma,0.905,stress\gamma\0003_000068.jpg,0003_000068.jpg,2,test\0003_000068.png
gamma,0.874,stress\gamma\0003_000069.jpg,0003_000069.jpg,2,test\0003_000069.png
gamma,0.8371,stress\gamma\0003_000070.jpg,0003_000070.jpg,2,test\0003_000070.png
gamma,1.3129,stress\gamma\0003_000071.jpg,0003_000071.jpg,2,test\0003_000071.png
gamma,1.2696,stress\gamma\0003_000072.jpg,0003_000072.jpg,2,test\0003_000072.png
gamma,0.9045,stress\gamma\0003_000073.jpg,0003_000073.jpg,2,test\0003_000073.png
gamma,1.126,stress\gamma\0003_000074.jpg,0003_000074.jpg,2,test\0003_000074.png
gamma,0.9572,stress\gamma\0003_000075.jpg,0003_000075.jpg,2,test\0003_000075.png
gamma,1.2945,stress\gamma\0003_000076.jpg,0003_000076.jpg,2,test\0003_000076.png
gamma,0.9983,stress\gamma\0003_000077.jpg,0003_000077.jpg,2,test\0003_000077.png
gamma,0.8722,stress\gamma\0003_000078.jpg,0003_000078.jpg,2,test\0003_000078.png
gamma,0.8603,stress\gamma\0003_000079.jpg,0003_000079.jpg,2,test\0003_000079.png
gamma,1.0649,stress\gamma\0003_000080.jpg,0003_000080.jpg,2,test\0003_000080.png
gamma,0.8708,stress\gamma\0003_000081.jpg,0003_000081.jpg,2,test\0003_000081.png
gamma,1.08,stress\gamma\0003_000082.jpg,0003_000082.jpg,2,test\0003_000082.png
gamma,1.2836,stress\gamma\0003_000083.jpg,0003_000083.jpg,2,test\0003_000083.png
gamma,0.9596,stress\gamma\0003_000084.jpg,0003_000084.jpg,2,test\0003_000084.png
gamma,0.8426,stress\gamma\0003_000085.jpg,0003_000085.jpg,2,test\0003_000085.png
gamma,1.3484,stress\gamma\0003_000086.jpg,0003_000086.jpg,2,test\0003_000086.png
gamma,1.0312,stress\gamma\0003_000087.jpg,0003_000087.jpg,2,test\0003_000087.png
gamma,0.7591,stress\gamma\0003_000088.jpg,0003_000088.jpg,2,test\0003_000088.png
gamma,0.7306,stress\gamma\0003_000089.jpg,0003_000089.jpg,2,test\0003_000089.png
gamma,0.7713,stress\gamma\0003_000090.jpg,0003_000090.jpg,2,test\0003_000090.png
gamma,1.1078,stress\gamma\0003_000091.jpg,0003_000091.jpg,2,test\0003_000091.png
gamma,1.2149,stress\gamma\0003_000092.jpg,0003_000092.jpg,2,test\0003_000092.png
gamma,0.9744,stress\gamma\0003_000093.jpg,0003_000093.jpg,2,test\0003_000093.png
gamma,0.7413,stress\gamma\0003_000094.jpg,0003_000094.jpg,2,test\0003_000094.png
gamma,0.9481,stress\gamma\0003_000095.jpg,0003_000095.jpg,2,test\0003_000095.png
gamma,1.3475,stress\gamma\0003_000096.jpg,0003_000096.jpg,2,test\0003_000096.png
gamma,1.0439,stress\gamma\0003_000097.jpg,0003_000097.jpg,2,test\0003_000097.png
gamma,1.3312,stress\gamma\0003_000098.jpg,0003_000098.jpg,2,test\0003_000098.png
gamma,1.2595,stress\gamma\0003_000099.jpg,0003_000099.jpg,2,test\0003_000099.png
gamma,0.7075,stress\gamma\0003_000100.jpg,0003_000100.jpg,2,test\0003_000100.png
gamma,1.1685,stress\gamma\0003_000101.jpg,0003_000101.jpg,2,test\0003_000101.png
gamma,1.1431,stress\gamma\0003_000102.jpg,0003_000102.jpg,2,test\0003_000102.png
gamma,1.049,stress\gamma\0003_000103.jpg,0003_000103.jpg,2,test\0003_000103.png
gamma,0.8734,stress\gamma\0003_000104.jpg,0003_000104.jpg,2,test\0003_000104.png
gamma,1.1166,stress\gamma\0003_000105.jpg,0003_000105.jpg,2,test\0003_000105.png
gamma,0.7725,stress\gamma\0003_000106.jpg,0003_000106.jpg,2,test\0003_000106.png
gamma,0.9826,stress\gamma\0003_000107.jpg,0003_000107.jpg,2,test\0003_000107.png
gamma,0.9949,stress\gamma\0003_000108.jpg,0003_000108.jpg,2,test\0003_000108.png
gamma,1.32,stress\gamma\0003_000109.jpg,0003_000109.jpg,2,test\0003_000109.png
gamma,1.2693,stress\gamma\0003_000110.jpg,0003_000110.jpg,2,test\0003_000110.png
gamma,0.8712,stress\gamma\0003_000111.jpg,0003_000111.jpg,2,test\0003_000111.png
gamma,1.0254,stress\gamma\0003_000112.jpg,0003_000112.jpg,2,test\0003_000112.png
gamma,0.8161,stress\gamma\0003_000113.jpg,0003_000113.jpg,2,test\0003_000113.png
gamma,1.2932,stress\gamma\0003_000114.jpg,0003_000114.jpg,2,test\0003_000114.png
gamma,1.2658,stress\gamma\0003_000115.jpg,0003_000115.jpg,2,test\0003_000115.png
gamma,0.894,stress\gamma\0003_000116.jpg,0003_000116.jpg,2,test\0003_000116.png
gamma,1.1153,stress\gamma\0003_000117.jpg,0003_000117.jpg,2,test\0003_000117.png
gamma,1.0958,stress\gamma\0003_000118.jpg,0003_000118.jpg,2,test\0003_000118.png
gamma,0.7993,stress\gamma\0003_000119.jpg,0003_000119.jpg,2,test\0003_000119.png
gamma,1.1956,stress\gamma\0003_000120.jpg,0003_000120.jpg,2,test\0003_000120.png
gamma,1.0506,stress\gamma\0003_000121.jpg,0003_000121.jpg,2,test\0003_000121.png
gamma,1.2061,stress\gamma\0003_000122.jpg,0003_000122.jpg,2,test\0003_000122.png
gamma,1.0447,stress\gamma\0003_000123.jpg,0003_000123.jpg,2,test\0003_000123.png
gamma,0.7004,stress\gamma\0003_000124.jpg,0003_000124.jpg,2,test\0003_000124.png
gamma,0.9107,stress\gamma\0003_000125.jpg,0003_000125.jpg,2,test\0003_000125.png
gamma,0.7127,stress\gamma\0003_000126.jpg,0003_000126.jpg,2,test\0003_000126.png
gamma,1.3039,stress\gamma\0003_000127.jpg,0003_000127.jpg,2,test\0003_000127.png
gamma,1.2712,stress\gamma\0003_000128.jpg,0003_000128.jpg,2,test\0003_000128.png
gamma,1.2406,stress\gamma\0003_000129.jpg,0003_000129.jpg,2,test\0003_000129.png
gamma,0.8999,stress\gamma\0003_000130.jpg,0003_000130.jpg,2,test\0003_000130.png
gamma,0.7377,stress\gamma\0003_000131.jpg,0003_000131.jpg,2,test\0003_000131.png
gamma,1.2707,stress\gamma\0003_000132.jpg,0003_000132.jpg,2,test\0003_000132.png
gamma,1.3155,stress\gamma\0003_000133.jpg,0003_000133.jpg,2,test\0003_000133.png
gamma,0.7557,stress\gamma\0003_000134.jpg,0003_000134.jpg,2,test\0003_000134.png
gamma,1.0159,stress\gamma\0003_000135.jpg,0003_000135.jpg,2,test\0003_000135.png
gamma,0.745,stress\gamma\0003_000136.jpg,0003_000136.jpg,2,test\0003_000136.png
gamma,1.1944,stress\gamma\0003_000137.jpg,0003_000137.jpg,2,test\0003_000137.png
gamma,1.1978,stress\gamma\0003_000138.jpg,0003_000138.jpg,2,test\0003_000138.png
gamma,0.7835,stress\gamma\0003_000139.jpg,0003_000139.jpg,2,test\0003_000139.png
gamma,1.0089,stress\gamma\0003_000140.jpg,0003_000140.jpg,2,test\0003_000140.png
gamma,1.0574,stress\gamma\0003_000141.jpg,0003_000141.jpg,2,test\0003_000141.png
gamma,0.8723,stress\gamma\0003_000142.jpg,0003_000142.jpg,2,test\0003_000142.png
gamma,1.2671,stress\gamma\0003_000143.jpg,0003_000143.jpg,2,test\0003_000143.png
gamma,0.975,stress\gamma\0003_000144.jpg,0003_000144.jpg,2,test\0003_000144.png
gamma,0.8377,stress\gamma\0003_000145.jpg,0003_000145.jpg,2,test\0003_000145.png
gamma,1.0505,stress\gamma\0003_000146.jpg,0003_000146.jpg,2,test\0003_000146.png
gamma,1.1745,stress\gamma\0003_000147.jpg,0003_000147.jpg,2,test\0003_000147.png
gamma,0.8307,stress\gamma\0003_000148.jpg,0003_000148.jpg,2,test\0003_000148.png
gamma,0.9026,stress\gamma\0003_000149.jpg,0003_000149.jpg,2,test\0003_000149.png
gamma,1.3468,stress\gamma\0003_000150.jpg,0003_000150.jpg,2,test\0003_000150.png
gamma,1.1224,stress\gamma\0003_000151.jpg,0003_000151.jpg,2,test\0003_000151.png
gamma,0.9848,stress\gamma\0003_000152.jpg,0003_000152.jpg,2,test\0003_000152.png
gamma,1.0364,stress\gamma\0003_000153.jpg,0003_000153.jpg,2,test\0003_000153.png
gamma,0.7787,stress\gamma\0003_000154.jpg,0003_000154.jpg,2,test\0003_000154.png
gamma,0.8461,stress\gamma\0003_000155.jpg,0003_000155.jpg,2,test\0003_000155.png
gamma,0.9198,stress\gamma\0003_000156.jpg,0003_000156.jpg,2,test\0003_000156.png
gamma,1.0824,stress\gamma\0003_000157.jpg,0003_000157.jpg,2,test\0003_000157.png
gamma,0.8496,stress\gamma\0003_000158.jpg,0003_000158.jpg,2,test\0003_000158.png
gamma,0.8431,stress\gamma\0003_000159.jpg,0003_000159.jpg,2,test\0003_000159.png
gamma,0.7461,stress\gamma\0003_000160.jpg,0003_000160.jpg,2,test\0003_000160.png
gamma,1.1102,stress\gamma\0003_000161.jpg,0003_000161.jpg,2,test\0003_000161.png
gamma,0.8488,stress\gamma\0003_000162.jpg,0003_000162.jpg,2,test\0003_000162.png
gamma,1.2885,stress\gamma\0003_000163.jpg,0003_000163.jpg,2,test\0003_000163.png
gamma,1.2588,stress\gamma\0003_000164.jpg,0003_000164.jpg,2,test\0003_000164.png
gamma,0.7461,stress\gamma\0003_000165.jpg,0003_000165.jpg,2,test\0003_000165.png
gamma,0.8547,stress\gamma\0003_000166.jpg,0003_000166.jpg,2,test\0003_000166.png
gamma,1.1348,stress\gamma\0003_000167.jpg,0003_000167.jpg,2,test\0003_000167.png
gamma,0.8393,stress\gamma\0003_000168.jpg,0003_000168.jpg,2,test\0003_000168.png
gamma,0.786,stress\gamma\0003_000169.jpg,0003_000169.jpg,2,test\0003_000169.png
gamma,1.3081,stress\gamma\0003_000170.jpg,0003_000170.jpg,2,test\0003_000170.png
gamma,1.0712,stress\gamma\0003_000171.jpg,0003_000171.jpg,2,test\0003_000171.png
gamma,1.0072,stress\gamma\0003_000172.jpg,0003_000172.jpg,2,test\0003_000172.png
gamma,1.21,stress\gamma\0003_000173.jpg,0003_000173.jpg,2,test\0003_000173.png
gamma,1.2249,stress\gamma\0003_000174.jpg,0003_000174.jpg,2,test\0003_000174.png
gamma,0.8238,stress\gamma\0003_000175.jpg,0003_000175.jpg,2,test\0003_000175.png
gamma,0.763,stress\gamma\0003_000176.jpg,0003_000176.jpg,2,test\0003_000176.png
gamma,0.9802,stress\gamma\0003_000177.jpg,0003_000177.jpg,2,test\0003_000177.png
gamma,0.9753,stress\gamma\0003_000178.jpg,0003_000178.jpg,2,test\0003_000178.png
gamma,1.0036,stress\gamma\0003_000179.jpg,0003_000179.jpg,2,test\0003_000179.png
gamma,1.1739,stress\gamma\0003_000180.jpg,0003_000180.jpg,2,test\0003_000180.png
gamma,1.1377,stress\gamma\0003_000181.jpg,0003_000181.jpg,2,test\0003_000181.png
gamma,1.3397,stress\gamma\0003_000182.jpg,0003_000182.jpg,2,test\0003_000182.png
gamma,0.764,stress\gamma\0003_000183.jpg,0003_000183.jpg,2,test\0003_000183.png
gamma,0.9617,stress\gamma\0003_000184.jpg,0003_000184.jpg,2,test\0003_000184.png
gamma,0.9205,stress\gamma\0003_000185.jpg,0003_000185.jpg,2,test\0003_000185.png
gamma,1.2601,stress\gamma\0003_000186.jpg,0003_000186.jpg,2,test\0003_000186.png
gamma,0.8616,stress\gamma\0003_000187.jpg,0003_000187.jpg,2,test\0003_000187.png
gamma,0.8236,stress\gamma\0003_000188.jpg,0003_000188.jpg,2,test\0003_000188.png
gamma,0.9916,stress\gamma\0003_000189.jpg,0003_000189.jpg,2,test\0003_000189.png
gamma,0.9742,stress\gamma\0003_000190.jpg,0003_000190.jpg,2,test\0003_000190.png
gamma,0.8811,stress\gamma\0003_000191.jpg,0003_000191.jpg,2,test\0003_000191.png
gamma,0.8624,stress\gamma\0003_000192.jpg,0003_000192.jpg,2,test\0003_000192.png
gamma,1.3001,stress\gamma\0003_000193.jpg,0003_000193.jpg,2,test\0003_000193.png
gamma,0.988,stress\gamma\0003_000194.jpg,0003_000194.jpg,2,test\0003_000194.png
gamma,1.2599,stress\gamma\0003_000195.jpg,0003_000195.jpg,2,test\0003_000195.png
gamma,1.0577,stress\gamma\0003_000196.jpg,0003_000196.jpg,2,test\0003_000196.png
gamma,0.7329,stress\gamma\0003_000197.jpg,0003_000197.jpg,2,test\0003_000197.png
gamma,1.3495,stress\gamma\0003_000198.jpg,0003_000198.jpg,2,test\0003_000198.png
gamma,1.2434,stress\gamma\0003_000199.jpg,0003_000199.jpg,2,test\0003_000199.png
gamma,1.3298,stress\gamma\0003_000200.jpg,0003_000200.jpg,2,test\0003_000200.png
gamma,1.3021,stress\gamma\0003_000201.jpg,0003_000201.jpg,2,test\0003_000201.png
gamma,1.2517,stress\gamma\0003_000202.jpg,0003_000202.jpg,2,test\0003_000202.png
gamma,0.8081,stress\gamma\0003_000203.jpg,0003_000203.jpg,2,test\0003_000203.png
gamma,1.0157,stress\gamma\0003_000204.jpg,0003_000204.jpg,2,test\0003_000204.png
gamma,0.8389,stress\gamma\0003_000205.jpg,0003_000205.jpg,2,test\0003_000205.png
gamma,0.9607,stress\gamma\0003_000206.jpg,0003_000206.jpg,2,test\0003_000206.png
gamma,0.7381,stress\gamma\0003_000207.jpg,0003_000207.jpg,2,test\0003_000207.png
gamma,0.9463,stress\gamma\0003_000208.jpg,0003_000208.jpg,2,test\0003_000208.png
gamma,1.3405,stress\gamma\0003_000209.jpg,0003_000209.jpg,2,test\0003_000209.png
gamma,0.8724,stress\gamma\0003_000210.jpg,0003_000210.jpg,2,test\0003_000210.png
gamma,1.2096,stress\gamma\0003_000211.jpg,0003_000211.jpg,2,test\0003_000211.png
gamma,0.9958,stress\gamma\0003_000212.jpg,0003_000212.jpg,2,test\0003_000212.png
gamma,0.975,stress\gamma\0003_000213.jpg,0003_000213.jpg,2,test\0003_000213.png
gamma,1.3223,stress\gamma\0003_000214.jpg,0003_000214.jpg,2,test\0003_000214.png
gamma,1.347,stress\gamma\0003_000215.jpg,0003_000215.jpg,2,test\0003_000215.png
gamma,1.0612,stress\gamma\0003_000216.jpg,0003_000216.jpg,2,test\0003_000216.png
gamma,1.167,stress\gamma\0003_000217.jpg,0003_000217.jpg,2,test\0003_000217.png
gamma,0.8006,stress\gamma\0003_000218.jpg,0003_000218.jpg,2,test\0003_000218.png
gamma,0.8929,stress\gamma\0003_000219.jpg,0003_000219.jpg,2,test\0003_000219.png
gamma,1.3297,stress\gamma\0003_000220.jpg,0003_000220.jpg,2,test\0003_000220.png
gamma,1.0765,stress\gamma\0003_000221.jpg,0003_000221.jpg,2,test\0003_000221.png
gamma,1.0524,stress\gamma\0003_000222.jpg,0003_000222.jpg,2,test\0003_000222.png
gamma,1.1862,stress\gamma\0003_000223.jpg,0003_000223.jpg,2,test\0003_000223.png
gamma,0.7372,stress\gamma\0003_000224.jpg,0003_000224.jpg,2,test\0003_000224.png
gamma,1.0797,stress\gamma\0003_000225.jpg,0003_000225.jpg,2,test\0003_000225.png
gamma,1.0269,stress\gamma\0003_000226.jpg,0003_000226.jpg,2,test\0003_000226.png
gamma,1.2543,stress\gamma\0003_000227.jpg,0003_000227.jpg,2,test\0003_000227.png
gamma,0.8023,stress\gamma\0003_000228.jpg,0003_000228.jpg,2,test\0003_000228.png
gamma,1.3245,stress\gamma\0003_000229.jpg,0003_000229.jpg,2,test\0003_000229.png
gamma,0.7521,stress\gamma\0003_000230.jpg,0003_000230.jpg,2,test\0003_000230.png
gamma,0.8208,stress\gamma\0003_000231.jpg,0003_000231.jpg,2,test\0003_000231.png
gamma,1.0868,stress\gamma\0003_000232.jpg,0003_000232.jpg,2,test\0003_000232.png
gamma,1.1389,stress\gamma\0003_000233.jpg,0003_000233.jpg,2,test\0003_000233.png
gamma,0.8529,stress\gamma\0003_000234.jpg,0003_000234.jpg,2,test\0003_000234.png
gamma,0.7779,stress\gamma\0003_000235.jpg,0003_000235.jpg,2,test\0003_000235.png
gamma,1.2787,stress\gamma\0003_000236.jpg,0003_000236.jpg,2,test\0003_000236.png
gamma,0.86,stress\gamma\0003_000237.jpg,0003_000237.jpg,2,test\0003_000237.png
gamma,1.0864,stress\gamma\0003_000238.jpg,0003_000238.jpg,2,test\0003_000238.png
gamma,1.1026,stress\gamma\0003_000239.jpg,0003_000239.jpg,2,test\0003_000239.png
gamma,0.9725,stress\gamma\0003_000240.jpg,0003_000240.jpg,2,test\0003_000240.png
gamma,1.0794,stress\gamma\0003_000241.jpg,0003_000241.jpg,2,test\0003_000241.png
gamma,1.0398,stress\gamma\0003_000242.jpg,0003_000242.jpg,2,test\0003_000242.png
gamma,1.3076,stress\gamma\0003_000243.jpg,0003_000243.jpg,2,test\0003_000243.png
gamma,0.8328,stress\gamma\0003_000244.jpg,0003_000244.jpg,2,test\0003_000244.png
gamma,1.1655,stress\gamma\0007_000000.jpg,0007_000000.jpg,2,test\0007_000000.png
gamma,0.8551,stress\gamma\0007_000001.jpg,0007_000001.jpg,2,test\0007_000001.png
gamma,0.9573,stress\gamma\0007_000002.jpg,0007_000002.jpg,2,test\0007_000002.png
gamma,1.1366,stress\gamma\0007_000003.jpg,0007_000003.jpg,2,test\0007_000003.png
gamma,0.895,stress\gamma\0007_000004.jpg,0007_000004.jpg,2,test\0007_000004.png
gamma,0.9055,stress\gamma\0007_000005.jpg,0007_000005.jpg,2,test\0007_000005.png
gamma,1.1887,stress\gamma\0007_000006.jpg,0007_000006.jpg,2,test\0007_000006.png
gamma,0.7472,stress\gamma\0007_000007.jpg,0007_000007.jpg,2,test\0007_000007.png
gamma,0.9979,stress\gamma\0007_000008.jpg,0007_000008.jpg,2,test\0007_000008.png
gamma,1.349,stress\gamma\0007_000009.jpg,0007_000009.jpg,2,test\0007_000009.png
gamma,1.3475,stress\gamma\0007_000010.jpg,0007_000010.jpg,2,test\0007_000010.png
gamma,0.7476,stress\gamma\0007_000011.jpg,0007_000011.jpg,2,test\0007_000011.png
gamma,0.8386,stress\gamma\0007_000012.jpg,0007_000012.jpg,2,test\0007_000012.png
gamma,0.8724,stress\gamma\0007_000013.jpg,0007_000013.jpg,2,test\0007_000013.png
gamma,1.3066,stress\gamma\0007_000014.jpg,0007_000014.jpg,2,test\0007_000014.png
gamma,1.2726,stress\gamma\0007_000015.jpg,0007_000015.jpg,2,test\0007_000015.png
gamma,1.2715,stress\gamma\0007_000016.jpg,0007_000016.jpg,2,test\0007_000016.png
gamma,0.9402,stress\gamma\0007_000017.jpg,0007_000017.jpg,2,test\0007_000017.png
gamma,0.8025,stress\gamma\0007_000018.jpg,0007_000018.jpg,2,test\0007_000018.png
gamma,1.2419,stress\gamma\0007_000019.jpg,0007_000019.jpg,2,test\0007_000019.png
gamma,1.1573,stress\gamma\0007_000020.jpg,0007_000020.jpg,2,test\0007_000020.png
gamma,1.0976,stress\gamma\0007_000021.jpg,0007_000021.jpg,2,test\0007_000021.png
gamma,1.3417,stress\gamma\0007_000022.jpg,0007_000022.jpg,2,test\0007_000022.png
gamma,1.1251,stress\gamma\0007_000023.jpg,0007_000023.jpg,2,test\0007_000023.png
gamma,0.7051,stress\gamma\0007_000024.jpg,0007_000024.jpg,2,test\0007_000024.png
gamma,1.2311,stress\gamma\0007_000025.jpg,0007_000025.jpg,2,test\0007_000025.png
gamma,0.8946,stress\gamma\0007_000026.jpg,0007_000026.jpg,2,test\0007_000026.png
gamma,1.1312,stress\gamma\0007_000027.jpg,0007_000027.jpg,2,test\0007_000027.png
gamma,1.3103,stress\gamma\0007_000028.jpg,0007_000028.jpg,2,test\0007_000028.png
gamma,0.7873,stress\gamma\0007_000029.jpg,0007_000029.jpg,2,test\0007_000029.png
gamma,0.775,stress\gamma\0007_000030.jpg,0007_000030.jpg,2,test\0007_000030.png
gamma,0.7696,stress\gamma\0007_000031.jpg,0007_000031.jpg,2,test\0007_000031.png
gamma,1.0596,stress\gamma\0007_000032.jpg,0007_000032.jpg,2,test\0007_000032.png
gamma,0.877,stress\gamma\0007_000033.jpg,0007_000033.jpg,2,test\0007_000033.png
gamma,1.0931,stress\gamma\0007_000034.jpg,0007_000034.jpg,2,test\0007_000034.png
gamma,1.1664,stress\gamma\0007_000035.jpg,0007_000035.jpg,2,test\0007_000035.png
gamma,0.8323,stress\gamma\0007_000036.jpg,0007_000036.jpg,2,test\0007_000036.png
gamma,1.1123,stress\gamma\0007_000037.jpg,0007_000037.jpg,2,test\0007_000037.png
gamma,0.8716,stress\gamma\0007_000038.jpg,0007_000038.jpg,2,test\0007_000038.png
gamma,1.0175,stress\gamma\0007_000039.jpg,0007_000039.jpg,2,test\0007_000039.png
gamma,1.2885,stress\gamma\0007_000040.jpg,0007_000040.jpg,2,test\0007_000040.png
gamma,1.25,stress\gamma\0007_000041.jpg,0007_000041.jpg,2,test\0007_000041.png
gamma,0.76,stress\gamma\0007_000042.jpg,0007_000042.jpg,2,test\0007_000042.png
gamma,0.9753,stress\gamma\0007_000043.jpg,0007_000043.jpg,2,test\0007_000043.png
gamma,0.8798,stress\gamma\0007_000044.jpg,0007_000044.jpg,2,test\0007_000044.png
gamma,0.7023,stress\gamma\0007_000045.jpg,0007_000045.jpg,2,test\0007_000045.png
gamma,1.2012,stress\gamma\0007_000046.jpg,0007_000046.jpg,2,test\0007_000046.png
gamma,1.1141,stress\gamma\0007_000047.jpg,0007_000047.jpg,2,test\0007_000047.png
gamma,0.8703,stress\gamma\0007_000048.jpg,0007_000048.jpg,2,test\0007_000048.png
gamma,1.1818,stress\gamma\0007_000049.jpg,0007_000049.jpg,2,test\0007_000049.png
gamma,1.0586,stress\gamma\0007_000050.jpg,0007_000050.jpg,2,test\0007_000050.png
gamma,0.978,stress\gamma\0007_000051.jpg,0007_000051.jpg,2,test\0007_000051.png
gamma,0.7063,stress\gamma\0007_000052.jpg,0007_000052.jpg,2,test\0007_000052.png
gamma,0.7489,stress\gamma\0007_000053.jpg,0007_000053.jpg,2,test\0007_000053.png
gamma,1.274,stress\gamma\0007_000054.jpg,0007_000054.jpg,2,test\0007_000054.png
gamma,1.2876,stress\gamma\0007_000055.jpg,0007_000055.jpg,2,test\0007_000055.png
gamma,1.0546,stress\gamma\0007_000056.jpg,0007_000056.jpg,2,test\0007_000056.png
gamma,1.2425,stress\gamma\0007_000057.jpg,0007_000057.jpg,2,test\0007_000057.png
gamma,1.0786,stress\gamma\0007_000058.jpg,0007_000058.jpg,2,test\0007_000058.png
gamma,0.7963,stress\gamma\0007_000059.jpg,0007_000059.jpg,2,test\0007_000059.png
gamma,0.7828,stress\gamma\0007_000060.jpg,0007_000060.jpg,2,test\0007_000060.png
gamma,0.9004,stress\gamma\0007_000061.jpg,0007_000061.jpg,2,test\0007_000061.png
gamma,1.2843,stress\gamma\0007_000062.jpg,0007_000062.jpg,2,test\0007_000062.png
gamma,1.2175,stress\gamma\0007_000063.jpg,0007_000063.jpg,2,test\0007_000063.png
gamma,1.2595,stress\gamma\0007_000064.jpg,0007_000064.jpg,2,test\0007_000064.png
gamma,1.2843,stress\gamma\0007_000065.jpg,0007_000065.jpg,2,test\0007_000065.png
gamma,0.8365,stress\gamma\0007_000066.jpg,0007_000066.jpg,2,test\0007_000066.png
gamma,0.8622,stress\gamma\0007_000067.jpg,0007_000067.jpg,2,test\0007_000067.png
gamma,0.7668,stress\gamma\0007_000068.jpg,0007_000068.jpg,2,test\0007_000068.png
gamma,1.2071,stress\gamma\0007_000069.jpg,0007_000069.jpg,2,test\0007_000069.png
gamma,1.2747,stress\gamma\0007_000070.jpg,0007_000070.jpg,2,test\0007_000070.png
gamma,0.9641,stress\gamma\0007_000071.jpg,0007_000071.jpg,2,test\0007_000071.png
gamma,1.1034,stress\gamma\0007_000072.jpg,0007_000072.jpg,2,test\0007_000072.png
gamma,0.8005,stress\gamma\0007_000073.jpg,0007_000073.jpg,2,test\0007_000073.png
gamma,1.3044,stress\gamma\0007_000074.jpg,0007_000074.jpg,2,test\0007_000074.png
gamma,1.262,stress\gamma\0007_000075.jpg,0007_000075.jpg,2,test\0007_000075.png
gamma,1.3345,stress\gamma\0007_000076.jpg,0007_000076.jpg,2,test\0007_000076.png
gamma,1.227,stress\gamma\0007_000077.jpg,0007_000077.jpg,2,test\0007_000077.png
gamma,1.2729,stress\gamma\0007_000078.jpg,0007_000078.jpg,2,test\0007_000078.png
gamma,0.7161,stress\gamma\0007_000079.jpg,0007_000079.jpg,2,test\0007_000079.png
gamma,1.1788,stress\gamma\0007_000080.jpg,0007_000080.jpg,2,test\0007_000080.png
gamma,0.9159,stress\gamma\0007_000081.jpg,0007_000081.jpg,2,test\0007_000081.png
gamma,1.305,stress\gamma\0007_000082.jpg,0007_000082.jpg,2,test\0007_000082.png
gamma,1.2215,stress\gamma\0007_000083.jpg,0007_000083.jpg,2,test\0007_000083.png
gamma,1.2616,stress\gamma\0007_000084.jpg,0007_000084.jpg,2,test\0007_000084.png
gamma,1.227,stress\gamma\0007_000085.jpg,0007_000085.jpg,2,test\0007_000085.png
gamma,0.8734,stress\gamma\0007_000086.jpg,0007_000086.jpg,2,test\0007_000086.png
gamma,1.2118,stress\gamma\0007_000087.jpg,0007_000087.jpg,2,test\0007_000087.png
gamma,0.7703,stress\gamma\0007_000088.jpg,0007_000088.jpg,2,test\0007_000088.png
gamma,1.2669,stress\gamma\0007_000089.jpg,0007_000089.jpg,2,test\0007_000089.png
gamma,1.2581,stress\gamma\0007_000090.jpg,0007_000090.jpg,2,test\0007_000090.png
gamma,0.8446,stress\gamma\0007_000091.jpg,0007_000091.jpg,2,test\0007_000091.png
gamma,1.2308,stress\gamma\0007_000092.jpg,0007_000092.jpg,2,test\0007_000092.png
gamma,0.9992,stress\gamma\0007_000093.jpg,0007_000093.jpg,2,test\0007_000093.png
gamma,0.8984,stress\gamma\0007_000094.jpg,0007_000094.jpg,2,test\0007_000094.png
gamma,1.217,stress\gamma\0007_000095.jpg,0007_000095.jpg,2,test\0007_000095.png
gamma,0.8479,stress\gamma\0007_000096.jpg,0007_000096.jpg,2,test\0007_000096.png
gamma,0.7154,stress\gamma\0007_000097.jpg,0007_000097.jpg,2,test\0007_000097.png
gamma,0.8255,stress\gamma\0007_000098.jpg,0007_000098.jpg,2,test\0007_000098.png
gamma,0.9134,stress\gamma\0007_000099.jpg,0007_000099.jpg,2,test\0007_000099.png
gamma,1.2618,stress\gamma\0007_000100.jpg,0007_000100.jpg,2,test\0007_000100.png
gamma,1.3285,stress\gamma\0007_000101.jpg,0007_000101.jpg,2,test\0007_000101.png
gamma,0.8814,stress\gamma\0007_000102.jpg,0007_000102.jpg,2,test\0007_000102.png
gamma,1.117,stress\gamma\0007_000103.jpg,0007_000103.jpg,2,test\0007_000103.png
gamma,0.9598,stress\gamma\0007_000104.jpg,0007_000104.jpg,2,test\0007_000104.png
gamma,1.3377,stress\gamma\0007_000105.jpg,0007_000105.jpg,2,test\0007_000105.png
gamma,1.0485,stress\gamma\0007_000106.jpg,0007_000106.jpg,2,test\0007_000106.png
gamma,1.3105,stress\gamma\0007_000107.jpg,0007_000107.jpg,2,test\0007_000107.png
gamma,0.775,stress\gamma\0007_000108.jpg,0007_000108.jpg,2,test\0007_000108.png
gamma,1.3308,stress\gamma\0007_000109.jpg,0007_000109.jpg,2,test\0007_000109.png
gamma,0.8161,stress\gamma\0007_000110.jpg,0007_000110.jpg,2,test\0007_000110.png
gamma,1.3256,stress\gamma\0007_000111.jpg,0007_000111.jpg,2,test\0007_000111.png
gamma,0.8726,stress\gamma\0007_000112.jpg,0007_000112.jpg,2,test\0007_000112.png
gamma,0.7705,stress\gamma\0007_000113.jpg,0007_000113.jpg,2,test\0007_000113.png
gamma,0.9825,stress\gamma\0007_000114.jpg,0007_000114.jpg,2,test\0007_000114.png
gamma,1.1736,stress\gamma\0007_000115.jpg,0007_000115.jpg,2,test\0007_000115.png
gamma,0.9039,stress\gamma\0007_000116.jpg,0007_000116.jpg,2,test\0007_000116.png
gamma,1.094,stress\gamma\0007_000117.jpg,0007_000117.jpg,2,test\0007_000117.png
gamma,1.0324,stress\gamma\0007_000118.jpg,0007_000118.jpg,2,test\0007_000118.png
gamma,0.9504,stress\gamma\0007_000119.jpg,0007_000119.jpg,2,test\0007_000119.png
gamma,1.0748,stress\gamma\0007_000120.jpg,0007_000120.jpg,2,test\0007_000120.png
gamma,0.8656,stress\gamma\0007_000121.jpg,0007_000121.jpg,2,test\0007_000121.png
gamma,1.1607,stress\gamma\0007_000122.jpg,0007_000122.jpg,2,test\0007_000122.png
gamma,0.7011,stress\gamma\0007_000123.jpg,0007_000123.jpg,2,test\0007_000123.png
gamma,1.3016,stress\gamma\0007_000124.jpg,0007_000124.jpg,2,test\0007_000124.png
gamma,1.05,stress\gamma\0007_000125.jpg,0007_000125.jpg,2,test\0007_000125.png
gamma,1.1676,stress\gamma\0007_000126.jpg,0007_000126.jpg,2,test\0007_000126.png
gamma,1.1823,stress\gamma\0007_000127.jpg,0007_000127.jpg,2,test\0007_000127.png
gamma,1.1359,stress\gamma\0007_000128.jpg,0007_000128.jpg,2,test\0007_000128.png
gamma,0.9367,stress\gamma\0007_000129.jpg,0007_000129.jpg,2,test\0007_000129.png
gamma,0.7455,stress\gamma\0007_000130.jpg,0007_000130.jpg,2,test\0007_000130.png
gamma,1.1318,stress\gamma\0007_000131.jpg,0007_000131.jpg,2,test\0007_000131.png
gamma,0.9146,stress\gamma\0007_000132.jpg,0007_000132.jpg,2,test\0007_000132.png
gamma,0.904,stress\gamma\0007_000133.jpg,0007_000133.jpg,2,test\0007_000133.png
gamma,1.2512,stress\gamma\0007_000134.jpg,0007_000134.jpg,2,test\0007_000134.png
gamma,1.1678,stress\gamma\0007_000135.jpg,0007_000135.jpg,2,test\0007_000135.png
gamma,0.8952,stress\gamma\0007_000136.jpg,0007_000136.jpg,2,test\0007_000136.png
gamma,0.901,stress\gamma\0007_000137.jpg,0007_000137.jpg,2,test\0007_000137.png
gamma,0.9655,stress\gamma\0007_000138.jpg,0007_000138.jpg,2,test\0007_000138.png
gamma,0.9616,stress\gamma\0007_000139.jpg,0007_000139.jpg,2,test\0007_000139.png
gamma,0.8922,stress\gamma\0007_000140.jpg,0007_000140.jpg,2,test\0007_000140.png
gamma,0.7827,stress\gamma\0007_000141.jpg,0007_000141.jpg,2,test\0007_000141.png
gamma,0.9733,stress\gamma\0007_000142.jpg,0007_000142.jpg,2,test\0007_000142.png
gamma,1.3112,stress\gamma\0007_000143.jpg,0007_000143.jpg,2,test\0007_000143.png
gamma,1.1403,stress\gamma\0007_000144.jpg,0007_000144.jpg,2,test\0007_000144.png
gamma,1.2868,stress\gamma\0007_000145.jpg,0007_000145.jpg,2,test\0007_000145.png
gamma,1.1001,stress\gamma\0007_000146.jpg,0007_000146.jpg,2,test\0007_000146.png
gamma,0.8956,stress\gamma\0007_000147.jpg,0007_000147.jpg,2,test\0007_000147.png
gamma,1.0562,stress\gamma\0007_000148.jpg,0007_000148.jpg,2,test\0007_000148.png
gamma,0.7003,stress\gamma\0007_000149.jpg,0007_000149.jpg,2,test\0007_000149.png
gamma,0.8865,stress\gamma\0007_000150.jpg,0007_000150.jpg,2,test\0007_000150.png
gamma,0.9794,stress\gamma\0007_000151.jpg,0007_000151.jpg,2,test\0007_000151.png
gamma,1.077,stress\gamma\0007_000152.jpg,0007_000152.jpg,2,test\0007_000152.png
gamma,1.1256,stress\gamma\0007_000153.jpg,0007_000153.jpg,2,test\0007_000153.png
gamma,1.0022,stress\gamma\0007_000154.jpg,0007_000154.jpg,2,test\0007_000154.png
gamma,0.9874,stress\gamma\0007_000155.jpg,0007_000155.jpg,2,test\0007_000155.png
gamma,0.8389,stress\gamma\0007_000156.jpg,0007_000156.jpg,2,test\0007_000156.png
gamma,1.0076,stress\gamma\0007_000157.jpg,0007_000157.jpg,2,test\0007_000157.png
gamma,1.2858,stress\gamma\0007_000158.jpg,0007_000158.jpg,2,test\0007_000158.png
gamma,1.2174,stress\gamma\0007_000159.jpg,0007_000159.jpg,2,test\0007_000159.png
gamma,0.8103,stress\gamma\0007_000160.jpg,0007_000160.jpg,2,test\0007_000160.png
gamma,0.7551,stress\gamma\0007_000161.jpg,0007_000161.jpg,2,test\0007_000161.png
gamma,1.035,stress\gamma\0007_000162.jpg,0007_000162.jpg,2,test\0007_000162.png
gamma,1.1114,stress\gamma\0007_000163.jpg,0007_000163.jpg,2,test\0007_000163.png
gamma,0.9179,stress\gamma\0007_000164.jpg,0007_000164.jpg,2,test\0007_000164.png
gamma,1.232,stress\gamma\0007_000165.jpg,0007_000165.jpg,2,test\0007_000165.png
gamma,1.1882,stress\gamma\0007_000166.jpg,0007_000166.jpg,2,test\0007_000166.png
gamma,1.1373,stress\gamma\0007_000167.jpg,0007_000167.jpg,2,test\0007_000167.png
gamma,0.846,stress\gamma\0007_000168.jpg,0007_000168.jpg,2,test\0007_000168.png
gamma,0.8294,stress\gamma\0007_000169.jpg,0007_000169.jpg,2,test\0007_000169.png
gamma,0.7159,stress\gamma\0007_000170.jpg,0007_000170.jpg,2,test\0007_000170.png
gamma,0.8591,stress\gamma\0007_000171.jpg,0007_000171.jpg,2,test\0007_000171.png
gamma,1.0088,stress\gamma\0007_000172.jpg,0007_000172.jpg,2,test\0007_000172.png
gamma,1.2523,stress\gamma\0007_000173.jpg,0007_000173.jpg,2,test\0007_000173.png
gamma,0.7473,stress\gamma\0007_000174.jpg,0007_000174.jpg,2,test\0007_000174.png
gamma,0.9694,stress\gamma\0007_000175.jpg,0007_000175.jpg,2,test\0007_000175.png
gamma,1.1093,stress\gamma\0007_000176.jpg,0007_000176.jpg,2,test\0007_000176.png
gamma,0.8264,stress\gamma\0007_000177.jpg,0007_000177.jpg,2,test\0007_000177.png
gamma,1.1526,stress\gamma\0007_000178.jpg,0007_000178.jpg,2,test\0007_000178.png
gamma,1.0213,stress\gamma\0007_000179.jpg,0007_000179.jpg,2,test\0007_000179.png
gamma,0.8586,stress\gamma\0007_000180.jpg,0007_000180.jpg,2,test\0007_000180.png
gamma,1.1264,stress\gamma\0007_000181.jpg,0007_000181.jpg,2,test\0007_000181.png
gamma,0.7036,stress\gamma\0007_000182.jpg,0007_000182.jpg,2,test\0007_000182.png
gamma,1.1881,stress\gamma\0007_000183.jpg,0007_000183.jpg,2,test\0007_000183.png
gamma,1.2005,stress\gamma\0007_000184.jpg,0007_000184.jpg,2,test\0007_000184.png
gamma,0.7693,stress\gamma\0007_000185.jpg,0007_000185.jpg,2,test\0007_000185.png
gamma,0.9763,stress\gamma\0007_000186.jpg,0007_000186.jpg,2,test\0007_000186.png
gamma,0.8143,stress\gamma\0007_000187.jpg,0007_000187.jpg,2,test\0007_000187.png
gamma,1.3227,stress\gamma\0007_000188.jpg,0007_000188.jpg,2,test\0007_000188.png
gamma,1.0367,stress\gamma\0007_000189.jpg,0007_000189.jpg,2,test\0007_000189.png
gamma,0.7326,stress\gamma\0007_000190.jpg,0007_000190.jpg,2,test\0007_000190.png
gamma,0.862,stress\gamma\0007_000191.jpg,0007_000191.jpg,2,test\0007_000191.png
gamma,1.2514,stress\gamma\0007_000192.jpg,0007_000192.jpg,2,test\0007_000192.png
gamma,0.9967,stress\gamma\0007_000193.jpg,0007_000193.jpg,2,test\0007_000193.png
gamma,1.2209,stress\gamma\0007_000194.jpg,0007_000194.jpg,2,test\0007_000194.png
gamma,1.1339,stress\gamma\0007_000195.jpg,0007_000195.jpg,2,test\0007_000195.png
gamma,1.3421,stress\gamma\0007_000196.jpg,0007_000196.jpg,2,test\0007_000196.png
gamma,1.087,stress\gamma\0007_000197.jpg,0007_000197.jpg,2,test\0007_000197.png
gamma,1.3175,stress\gamma\0007_000198.jpg,0007_000198.jpg,2,test\0007_000198.png
gamma,1.2794,stress\gamma\0007_000199.jpg,0007_000199.jpg,2,test\0007_000199.png
gamma,1.0982,stress\gamma\0007_000200.jpg,0007_000200.jpg,2,test\0007_000200.png
gamma,1.1675,stress\gamma\0007_000201.jpg,0007_000201.jpg,2,test\0007_000201.png
gamma,1.0281,stress\gamma\0007_000202.jpg,0007_000202.jpg,2,test\0007_000202.png
gamma,1.2399,stress\gamma\0007_000203.jpg,0007_000203.jpg,2,test\0007_000203.png
gamma,1.0561,stress\gamma\0007_000204.jpg,0007_000204.jpg,2,test\0007_000204.png
gamma,1.2832,stress\gamma\0007_000205.jpg,0007_000205.jpg,2,test\0007_000205.png
gamma,1.1834,stress\gamma\0007_000206.jpg,0007_000206.jpg,2,test\0007_000206.png
gamma,1.0085,stress\gamma\0007_000207.jpg,0007_000207.jpg,2,test\0007_000207.png
gamma,0.8685,stress\gamma\0007_000208.jpg,0007_000208.jpg,2,test\0007_000208.png
gamma,0.8607,stress\gamma\0007_000209.jpg,0007_000209.jpg,2,test\0007_000209.png
gamma,1.1145,stress\gamma\0007_000210.jpg,0007_000210.jpg,2,test\0007_000210.png
gamma,1.1978,stress\gamma\0007_000211.jpg,0007_000211.jpg,2,test\0007_000211.png
gamma,1.0388,stress\gamma\0007_000212.jpg,0007_000212.jpg,2,test\0007_000212.png
gamma,1.1074,stress\gamma\0007_000213.jpg,0007_000213.jpg,2,test\0007_000213.png
gamma,0.8785,stress\gamma\0007_000214.jpg,0007_000214.jpg,2,test\0007_000214.png
gamma,0.7504,stress\gamma\0007_000215.jpg,0007_000215.jpg,2,test\0007_000215.png
gamma,0.8857,stress\gamma\0007_000216.jpg,0007_000216.jpg,2,test\0007_000216.png
gamma,0.8766,stress\gamma\0007_000217.jpg,0007_000217.jpg,2,test\0007_000217.png
gamma,0.9078,stress\gamma\0007_000218.jpg,0007_000218.jpg,2,test\0007_000218.png
gamma,1.0511,stress\gamma\0007_000219.jpg,0007_000219.jpg,2,test\0007_000219.png
gamma,0.7899,stress\gamma\0007_000220.jpg,0007_000220.jpg,2,test\0007_000220.png
gamma,0.8503,stress\gamma\0007_000221.jpg,0007_000221.jpg,2,test\0007_000221.png
gamma,1.1511,stress\gamma\0007_000222.jpg,0007_000222.jpg,2,test\0007_000222.png
gamma,1.1592,stress\gamma\0007_000223.jpg,0007_000223.jpg,2,test\0007_000223.png
gamma,0.7417,stress\gamma\0007_000224.jpg,0007_000224.jpg,2,test\0007_000224.png
gamma,0.9649,stress\gamma\0007_000225.jpg,0007_000225.jpg,2,test\0007_000225.png
gamma,1.0527,stress\gamma\0007_000226.jpg,0007_000226.jpg,2,test\0007_000226.png
gamma,0.9703,stress\gamma\0007_000227.jpg,0007_000227.jpg,2,test\0007_000227.png
gamma,0.8344,stress\gamma\0007_000228.jpg,0007_000228.jpg,2,test\0007_000228.png
gamma,0.9731,stress\gamma\0007_000229.jpg,0007_000229.jpg,2,test\0007_000229.png
gamma,1.2881,stress\gamma\0007_000230.jpg,0007_000230.jpg,2,test\0007_000230.png
gamma,1.0797,stress\gamma\0007_000231.jpg,0007_000231.jpg,2,test\0007_000231.png
gamma,1.1521,stress\gamma\0007_000232.jpg,0007_000232.jpg,2,test\0007_000232.png
gamma,1.2569,stress\gamma\0007_000233.jpg,0007_000233.jpg,2,test\0007_000233.png
gamma,1.1976,stress\gamma\0007_000234.jpg,0007_000234.jpg,2,test\0007_000234.png
gamma,0.9472,stress\gamma\0007_000235.jpg,0007_000235.jpg,2,test\0007_000235.png
gamma,0.7038,stress\gamma\0007_000236.jpg,0007_000236.jpg,2,test\0007_000236.png
gamma,0.9286,stress\gamma\0007_000237.jpg,0007_000237.jpg,2,test\0007_000237.png
gamma,1.1898,stress\gamma\0007_000238.jpg,0007_000238.jpg,2,test\0007_000238.png
gamma,1.2547,stress\gamma\0007_000239.jpg,0007_000239.jpg,2,test\0007_000239.png
gamma,1.3197,stress\gamma\0007_000240.jpg,0007_000240.jpg,2,test\0007_000240.png
gamma,0.9724,stress\gamma\0007_000241.jpg,0007_000241.jpg,2,test\0007_000241.png
gamma,1.1859,stress\gamma\0007_000242.jpg,0007_000242.jpg,2,test\0007_000242.png
gamma,1.055,stress\gamma\0007_000243.jpg,0007_000243.jpg,2,test\0007_000243.png
gamma,1.0921,stress\gamma\0011_000000.jpg,0011_000000.jpg,2,test\0011_000000.png
gamma,0.8434,stress\gamma\0011_000001.jpg,0011_000001.jpg,2,test\0011_000001.png
gamma,0.8426,stress\gamma\0011_000002.jpg,0011_000002.jpg,2,test\0011_000002.png
gamma,0.9833,stress\gamma\0011_000003.jpg,0011_000003.jpg,2,test\0011_000003.png
gamma,0.7189,stress\gamma\0011_000004.jpg,0011_000004.jpg,2,test\0011_000004.png
gamma,0.9185,stress\gamma\0011_000005.jpg,0011_000005.jpg,2,test\0011_000005.png
gamma,1.1414,stress\gamma\0011_000006.jpg,0011_000006.jpg,2,test\0011_000006.png
gamma,0.9628,stress\gamma\0011_000007.jpg,0011_000007.jpg,2,test\0011_000007.png
gamma,0.8073,stress\gamma\0011_000008.jpg,0011_000008.jpg,2,test\0011_000008.png
gamma,1.0038,stress\gamma\0011_000009.jpg,0011_000009.jpg,2,test\0011_000009.png
gamma,0.783,stress\gamma\0011_000010.jpg,0011_000010.jpg,2,test\0011_000010.png
gamma,1.1045,stress\gamma\0011_000011.jpg,0011_000011.jpg,2,test\0011_000011.png
gamma,0.7175,stress\gamma\0011_000012.jpg,0011_000012.jpg,2,test\0011_000012.png
gamma,0.9561,stress\gamma\0011_000013.jpg,0011_000013.jpg,2,test\0011_000013.png
gamma,1.0669,stress\gamma\0011_000014.jpg,0011_000014.jpg,2,test\0011_000014.png
gamma,0.7176,stress\gamma\0011_000015.jpg,0011_000015.jpg,2,test\0011_000015.png
gamma,1.1178,stress\gamma\0011_000016.jpg,0011_000016.jpg,2,test\0011_000016.png
gamma,0.7882,stress\gamma\0011_000017.jpg,0011_000017.jpg,2,test\0011_000017.png
gamma,1.0001,stress\gamma\0011_000018.jpg,0011_000018.jpg,2,test\0011_000018.png
gamma,0.7327,stress\gamma\0011_000019.jpg,0011_000019.jpg,2,test\0011_000019.png
gamma,0.9464,stress\gamma\0011_000020.jpg,0011_000020.jpg,2,test\0011_000020.png
gamma,0.8376,stress\gamma\0011_000021.jpg,0011_000021.jpg,2,test\0011_000021.png
gamma,0.9124,stress\gamma\0011_000022.jpg,0011_000022.jpg,2,test\0011_000022.png
gamma,1.1948,stress\gamma\0011_000023.jpg,0011_000023.jpg,2,test\0011_000023.png
gamma,0.9464,stress\gamma\0011_000024.jpg,0011_000024.jpg,2,test\0011_000024.png
gamma,1.1888,stress\gamma\0011_000025.jpg,0011_000025.jpg,2,test\0011_000025.png
gamma,1.2408,stress\gamma\0011_000026.jpg,0011_000026.jpg,2,test\0011_000026.png
gamma,0.864,stress\gamma\0011_000027.jpg,0011_000027.jpg,2,test\0011_000027.png
gamma,0.7532,stress\gamma\0011_000028.jpg,0011_000028.jpg,2,test\0011_000028.png
gamma,0.7126,stress\gamma\0011_000029.jpg,0011_000029.jpg,2,test\0011_000029.png
gamma,1.0506,stress\gamma\0011_000030.jpg,0011_000030.jpg,2,test\0011_000030.png
gamma,1.3499,stress\gamma\0011_000031.jpg,0011_000031.jpg,2,test\0011_000031.png
gamma,0.9275,stress\gamma\0011_000032.jpg,0011_000032.jpg,2,test\0011_000032.png
gamma,1.1226,stress\gamma\0011_000033.jpg,0011_000033.jpg,2,test\0011_000033.png
gamma,1.2078,stress\gamma\0011_000034.jpg,0011_000034.jpg,2,test\0011_000034.png
gamma,1.1236,stress\gamma\0011_000035.jpg,0011_000035.jpg,2,test\0011_000035.png
gamma,1.1903,stress\gamma\0011_000036.jpg,0011_000036.jpg,2,test\0011_000036.png
gamma,1.3172,stress\gamma\0011_000037.jpg,0011_000037.jpg,2,test\0011_000037.png
gamma,0.8296,stress\gamma\0011_000038.jpg,0011_000038.jpg,2,test\0011_000038.png
gamma,0.7132,stress\gamma\0011_000039.jpg,0011_000039.jpg,2,test\0011_000039.png
gamma,0.799,stress\gamma\0011_000040.jpg,0011_000040.jpg,2,test\0011_000040.png
gamma,0.782,stress\gamma\0011_000041.jpg,0011_000041.jpg,2,test\0011_000041.png
gamma,1.1351,stress\gamma\0011_000042.jpg,0011_000042.jpg,2,test\0011_000042.png
gamma,1.0666,stress\gamma\0011_000043.jpg,0011_000043.jpg,2,test\0011_000043.png
gamma,0.8417,stress\gamma\0011_000044.jpg,0011_000044.jpg,2,test\0011_000044.png
gamma,1.1547,stress\gamma\0011_000045.jpg,0011_000045.jpg,2,test\0011_000045.png
gamma,1.1985,stress\gamma\0011_000046.jpg,0011_000046.jpg,2,test\0011_000046.png
gamma,0.8091,stress\gamma\0011_000047.jpg,0011_000047.jpg,2,test\0011_000047.png
gamma,1.0947,stress\gamma\0011_000048.jpg,0011_000048.jpg,2,test\0011_000048.png
gamma,1.1862,stress\gamma\0011_000049.jpg,0011_000049.jpg,2,test\0011_000049.png
gamma,0.7744,stress\gamma\0011_000050.jpg,0011_000050.jpg,2,test\0011_000050.png
gamma,1.2325,stress\gamma\0011_000051.jpg,0011_000051.jpg,2,test\0011_000051.png
gamma,1.3271,stress\gamma\0011_000052.jpg,0011_000052.jpg,2,test\0011_000052.png
gamma,0.7703,stress\gamma\0011_000053.jpg,0011_000053.jpg,2,test\0011_000053.png
gamma,0.7167,stress\gamma\0011_000054.jpg,0011_000054.jpg,2,test\0011_000054.png
gamma,0.9028,stress\gamma\0011_000055.jpg,0011_000055.jpg,2,test\0011_000055.png
gamma,1.1403,stress\gamma\0011_000056.jpg,0011_000056.jpg,2,test\0011_000056.png
gamma,1.3228,stress\gamma\0011_000057.jpg,0011_000057.jpg,2,test\0011_000057.png
gamma,0.9578,stress\gamma\0011_000058.jpg,0011_000058.jpg,2,test\0011_000058.png
gamma,1.1648,stress\gamma\0011_000059.jpg,0011_000059.jpg,2,test\0011_000059.png
gamma,0.7494,stress\gamma\0011_000060.jpg,0011_000060.jpg,2,test\0011_000060.png
gamma,1.1489,stress\gamma\0011_000061.jpg,0011_000061.jpg,2,test\0011_000061.png
gamma,1.1077,stress\gamma\0011_000062.jpg,0011_000062.jpg,2,test\0011_000062.png
gamma,0.7662,stress\gamma\0011_000063.jpg,0011_000063.jpg,2,test\0011_000063.png
gamma,1.2021,stress\gamma\0011_000064.jpg,0011_000064.jpg,2,test\0011_000064.png
gamma,1.2527,stress\gamma\0011_000065.jpg,0011_000065.jpg,2,test\0011_000065.png
gamma,1.0903,stress\gamma\0011_000066.jpg,0011_000066.jpg,2,test\0011_000066.png
gamma,0.7787,stress\gamma\0011_000067.jpg,0011_000067.jpg,2,test\0011_000067.png
gamma,1.3395,stress\gamma\0011_000068.jpg,0011_000068.jpg,2,test\0011_000068.png
gamma,1.2087,stress\gamma\0011_000069.jpg,0011_000069.jpg,2,test\0011_000069.png
gamma,0.9257,stress\gamma\0011_000070.jpg,0011_000070.jpg,2,test\0011_000070.png
gamma,0.9784,stress\gamma\0011_000071.jpg,0011_000071.jpg,2,test\0011_000071.png
gamma,0.9409,stress\gamma\0011_000072.jpg,0011_000072.jpg,2,test\0011_000072.png
gamma,1.0289,stress\gamma\0011_000073.jpg,0011_000073.jpg,2,test\0011_000073.png
gamma,0.9218,stress\gamma\0011_000074.jpg,0011_000074.jpg,2,test\0011_000074.png
gamma,1.2522,stress\gamma\0011_000075.jpg,0011_000075.jpg,2,test\0011_000075.png
gamma,1.2345,stress\gamma\0011_000076.jpg,0011_000076.jpg,2,test\0011_000076.png
gamma,0.7686,stress\gamma\0011_000077.jpg,0011_000077.jpg,2,test\0011_000077.png
gamma,1.3245,stress\gamma\0011_000078.jpg,0011_000078.jpg,2,test\0011_000078.png
gamma,1.1131,stress\gamma\0011_000079.jpg,0011_000079.jpg,2,test\0011_000079.png
gamma,1.2387,stress\gamma\0011_000080.jpg,0011_000080.jpg,2,test\0011_000080.png
gamma,1.1598,stress\gamma\0011_000081.jpg,0011_000081.jpg,2,test\0011_000081.png
gamma,0.9831,stress\gamma\0011_000082.jpg,0011_000082.jpg,2,test\0011_000082.png
gamma,1.177,stress\gamma\0011_000083.jpg,0011_000083.jpg,2,test\0011_000083.png
gamma,1.3276,stress\gamma\0011_000084.jpg,0011_000084.jpg,2,test\0011_000084.png
gamma,0.8756,stress\gamma\0011_000085.jpg,0011_000085.jpg,2,test\0011_000085.png
gamma,1.2253,stress\gamma\0011_000086.jpg,0011_000086.jpg,2,test\0011_000086.png
gamma,1.0498,stress\gamma\0011_000087.jpg,0011_000087.jpg,2,test\0011_000087.png
gamma,1.0143,stress\gamma\0011_000088.jpg,0011_000088.jpg,2,test\0011_000088.png
gamma,0.9831,stress\gamma\0011_000089.jpg,0011_000089.jpg,2,test\0011_000089.png
gamma,1.1752,stress\gamma\0011_000090.jpg,0011_000090.jpg,2,test\0011_000090.png
gamma,0.8745,stress\gamma\0011_000091.jpg,0011_000091.jpg,2,test\0011_000091.png
gamma,1.2536,stress\gamma\0011_000092.jpg,0011_000092.jpg,2,test\0011_000092.png
gamma,1.24,stress\gamma\0011_000093.jpg,0011_000093.jpg,2,test\0011_000093.png
gamma,0.7563,stress\gamma\0011_000094.jpg,0011_000094.jpg,2,test\0011_000094.png
gamma,1.2731,stress\gamma\0011_000095.jpg,0011_000095.jpg,2,test\0011_000095.png
gamma,0.8585,stress\gamma\0011_000096.jpg,0011_000096.jpg,2,test\0011_000096.png
gamma,1.0021,stress\gamma\0011_000097.jpg,0011_000097.jpg,2,test\0011_000097.png
gamma,1.0967,stress\gamma\0011_000098.jpg,0011_000098.jpg,2,test\0011_000098.png
gamma,0.9463,stress\gamma\0011_000099.jpg,0011_000099.jpg,2,test\0011_000099.png
gamma,0.7187,stress\gamma\0011_000100.jpg,0011_000100.jpg,2,test\0011_000100.png
gamma,1.2531,stress\gamma\0011_000101.jpg,0011_000101.jpg,2,test\0011_000101.png
gamma,0.8182,stress\gamma\0011_000102.jpg,0011_000102.jpg,2,test\0011_000102.png
gamma,0.8379,stress\gamma\0011_000103.jpg,0011_000103.jpg,2,test\0011_000103.png
gamma,1.2186,stress\gamma\0011_000104.jpg,0011_000104.jpg,2,test\0011_000104.png
gamma,0.9212,stress\gamma\0011_000105.jpg,0011_000105.jpg,2,test\0011_000105.png
gamma,1.2722,stress\gamma\0011_000106.jpg,0011_000106.jpg,2,test\0011_000106.png
gamma,1.1558,stress\gamma\0011_000107.jpg,0011_000107.jpg,2,test\0011_000107.png
gamma,0.8796,stress\gamma\0011_000108.jpg,0011_000108.jpg,2,test\0011_000108.png
gamma,0.7066,stress\gamma\0011_000109.jpg,0011_000109.jpg,2,test\0011_000109.png
gamma,1.3162,stress\gamma\0011_000110.jpg,0011_000110.jpg,2,test\0011_000110.png
gamma,0.7556,stress\gamma\0011_000111.jpg,0011_000111.jpg,2,test\0011_000111.png
gamma,1.168,stress\gamma\0011_000112.jpg,0011_000112.jpg,2,test\0011_000112.png
gamma,1.0176,stress\gamma\0011_000113.jpg,0011_000113.jpg,2,test\0011_000113.png
gamma,1.1928,stress\gamma\0011_000114.jpg,0011_000114.jpg,2,test\0011_000114.png
gamma,1.1489,stress\gamma\0011_000115.jpg,0011_000115.jpg,2,test\0011_000115.png
gamma,1.1198,stress\gamma\0011_000116.jpg,0011_000116.jpg,2,test\0011_000116.png
gamma,1.019,stress\gamma\0011_000117.jpg,0011_000117.jpg,2,test\0011_000117.png
gamma,1.2154,stress\gamma\0011_000118.jpg,0011_000118.jpg,2,test\0011_000118.png
gamma,0.7605,stress\gamma\0011_000119.jpg,0011_000119.jpg,2,test\0011_000119.png
gamma,0.844,stress\gamma\0011_000120.jpg,0011_000120.jpg,2,test\0011_000120.png
gamma,1.1497,stress\gamma\0011_000121.jpg,0011_000121.jpg,2,test\0011_000121.png
gamma,0.899,stress\gamma\0011_000122.jpg,0011_000122.jpg,2,test\0011_000122.png
gamma,1.078,stress\gamma\0011_000123.jpg,0011_000123.jpg,2,test\0011_000123.png
gamma,1.0076,stress\gamma\0011_000124.jpg,0011_000124.jpg,2,test\0011_000124.png
gamma,1.0451,stress\gamma\0011_000125.jpg,0011_000125.jpg,2,test\0011_000125.png
gamma,0.9766,stress\gamma\0011_000126.jpg,0011_000126.jpg,2,test\0011_000126.png
gamma,1.1849,stress\gamma\0011_000127.jpg,0011_000127.jpg,2,test\0011_000127.png
gamma,0.915,stress\gamma\0011_000128.jpg,0011_000128.jpg,2,test\0011_000128.png
gamma,1.1569,stress\gamma\0011_000129.jpg,0011_000129.jpg,2,test\0011_000129.png
gamma,0.8761,stress\gamma\0011_000130.jpg,0011_000130.jpg,2,test\0011_000130.png
gamma,0.8634,stress\gamma\0011_000131.jpg,0011_000131.jpg,2,test\0011_000131.png
gamma,0.7784,stress\gamma\0011_000132.jpg,0011_000132.jpg,2,test\0011_000132.png
gamma,0.8252,stress\gamma\0011_000133.jpg,0011_000133.jpg,2,test\0011_000133.png
gamma,0.7777,stress\gamma\0011_000134.jpg,0011_000134.jpg,2,test\0011_000134.png
gamma,1.0483,stress\gamma\0011_000135.jpg,0011_000135.jpg,2,test\0011_000135.png
gamma,1.1954,stress\gamma\0011_000136.jpg,0011_000136.jpg,2,test\0011_000136.png
gamma,0.8203,stress\gamma\0011_000137.jpg,0011_000137.jpg,2,test\0011_000137.png
gamma,0.8407,stress\gamma\0011_000138.jpg,0011_000138.jpg,2,test\0011_000138.png
gamma,1.0147,stress\gamma\0011_000139.jpg,0011_000139.jpg,2,test\0011_000139.png
gamma,1.171,stress\gamma\0011_000140.jpg,0011_000140.jpg,2,test\0011_000140.png
gamma,1.3348,stress\gamma\0011_000141.jpg,0011_000141.jpg,2,test\0011_000141.png
gamma,1.041,stress\gamma\0011_000142.jpg,0011_000142.jpg,2,test\0011_000142.png
gamma,0.8839,stress\gamma\0011_000143.jpg,0011_000143.jpg,2,test\0011_000143.png
gamma,0.7653,stress\gamma\0011_000144.jpg,0011_000144.jpg,2,test\0011_000144.png
gamma,0.8262,stress\gamma\0011_000145.jpg,0011_000145.jpg,2,test\0011_000145.png
gamma,0.8479,stress\gamma\0011_000146.jpg,0011_000146.jpg,2,test\0011_000146.png
gamma,0.8166,stress\gamma\0011_000147.jpg,0011_000147.jpg,2,test\0011_000147.png
gamma,0.7092,stress\gamma\0011_000148.jpg,0011_000148.jpg,2,test\0011_000148.png
gamma,1.0472,stress\gamma\0011_000149.jpg,0011_000149.jpg,2,test\0011_000149.png
gamma,0.8783,stress\gamma\0011_000150.jpg,0011_000150.jpg,2,test\0011_000150.png
gamma,1.3333,stress\gamma\0011_000151.jpg,0011_000151.jpg,2,test\0011_000151.png
gamma,1.0597,stress\gamma\0011_000152.jpg,0011_000152.jpg,2,test\0011_000152.png
gamma,1.1533,stress\gamma\0011_000153.jpg,0011_000153.jpg,2,test\0011_000153.png
gamma,0.7821,stress\gamma\0011_000154.jpg,0011_000154.jpg,2,test\0011_000154.png
gamma,1.2645,stress\gamma\0011_000155.jpg,0011_000155.jpg,2,test\0011_000155.png
gamma,1.0191,stress\gamma\0011_000156.jpg,0011_000156.jpg,2,test\0011_000156.png
gamma,1.2673,stress\gamma\0011_000157.jpg,0011_000157.jpg,2,test\0011_000157.png
gamma,1.0731,stress\gamma\0011_000158.jpg,0011_000158.jpg,2,test\0011_000158.png
gamma,1.0051,stress\gamma\0011_000159.jpg,0011_000159.jpg,2,test\0011_000159.png
gamma,0.9863,stress\gamma\0011_000160.jpg,0011_000160.jpg,2,test\0011_000160.png
gamma,0.8198,stress\gamma\0011_000161.jpg,0011_000161.jpg,2,test\0011_000161.png
gamma,0.7334,stress\gamma\0011_000162.jpg,0011_000162.jpg,2,test\0011_000162.png
gamma,1.3117,stress\gamma\0011_000163.jpg,0011_000163.jpg,2,test\0011_000163.png
gamma,1.0105,stress\gamma\0011_000164.jpg,0011_000164.jpg,2,test\0011_000164.png
gamma,1.2344,stress\gamma\0011_000165.jpg,0011_000165.jpg,2,test\0011_000165.png
gamma,0.9605,stress\gamma\0011_000166.jpg,0011_000166.jpg,2,test\0011_000166.png
gamma,0.7482,stress\gamma\0011_000167.jpg,0011_000167.jpg,2,test\0011_000167.png
gamma,1.1091,stress\gamma\0011_000168.jpg,0011_000168.jpg,2,test\0011_000168.png
gamma,0.7348,stress\gamma\0011_000169.jpg,0011_000169.jpg,2,test\0011_000169.png
gamma,0.797,stress\gamma\0011_000170.jpg,0011_000170.jpg,2,test\0011_000170.png
gamma,1.0658,stress\gamma\0011_000171.jpg,0011_000171.jpg,2,test\0011_000171.png
gamma,0.8975,stress\gamma\0011_000172.jpg,0011_000172.jpg,2,test\0011_000172.png
gamma,1.346,stress\gamma\0011_000173.jpg,0011_000173.jpg,2,test\0011_000173.png
gamma,0.777,stress\gamma\0011_000174.jpg,0011_000174.jpg,2,test\0011_000174.png
gamma,1.1969,stress\gamma\0011_000175.jpg,0011_000175.jpg,2,test\0011_000175.png
gamma,1.0941,stress\gamma\0011_000176.jpg,0011_000176.jpg,2,test\0011_000176.png
gamma,1.214,stress\gamma\0011_000177.jpg,0011_000177.jpg,2,test\0011_000177.png
gamma,0.8467,stress\gamma\0011_000178.jpg,0011_000178.jpg,2,test\0011_000178.png
gamma,1.0397,stress\gamma\0011_000179.jpg,0011_000179.jpg,2,test\0011_000179.png
gamma,0.9928,stress\gamma\0011_000180.jpg,0011_000180.jpg,2,test\0011_000180.png
gamma,0.9878,stress\gamma\0011_000181.jpg,0011_000181.jpg,2,test\0011_000181.png
gamma,1.2591,stress\gamma\0011_000182.jpg,0011_000182.jpg,2,test\0011_000182.png
gamma,1.3435,stress\gamma\0011_000183.jpg,0011_000183.jpg,2,test\0011_000183.png
gamma,0.8985,stress\gamma\0011_000184.jpg,0011_000184.jpg,2,test\0011_000184.png
gamma,1.1037,stress\gamma\0011_000185.jpg,0011_000185.jpg,2,test\0011_000185.png
gamma,1.0963,stress\gamma\0011_000186.jpg,0011_000186.jpg,2,test\0011_000186.png
gamma,1.1811,stress\gamma\0011_000187.jpg,0011_000187.jpg,2,test\0011_000187.png
gamma,1.3159,stress\gamma\0011_000188.jpg,0011_000188.jpg,2,test\0011_000188.png
gamma,0.8351,stress\gamma\0011_000189.jpg,0011_000189.jpg,2,test\0011_000189.png
gamma,0.8372,stress\gamma\0011_000190.jpg,0011_000190.jpg,2,test\0011_000190.png
gamma,1.1293,stress\gamma\0011_000191.jpg,0011_000191.jpg,2,test\0011_000191.png
gamma,0.8021,stress\gamma\0011_000192.jpg,0011_000192.jpg,2,test\0011_000192.png
gamma,0.813,stress\gamma\0011_000193.jpg,0011_000193.jpg,2,test\0011_000193.png
gamma,0.7488,stress\gamma\0011_000194.jpg,0011_000194.jpg,2,test\0011_000194.png
gamma,0.7017,stress\gamma\0011_000195.jpg,0011_000195.jpg,2,test\0011_000195.png
gamma,0.9928,stress\gamma\0011_000196.jpg,0011_000196.jpg,2,test\0011_000196.png
gamma,1.086,stress\gamma\0011_000197.jpg,0011_000197.jpg,2,test\0011_000197.png
gamma,0.8893,stress\gamma\0011_000198.jpg,0011_000198.jpg,2,test\0011_000198.png
gamma,0.8505,stress\gamma\0011_000199.jpg,0011_000199.jpg,2,test\0011_000199.png
gamma,1.1595,stress\gamma\0011_000200.jpg,0011_000200.jpg,2,test\0011_000200.png
gamma,1.1569,stress\gamma\0011_000201.jpg,0011_000201.jpg,2,test\0011_000201.png
gamma,0.9951,stress\gamma\0011_000202.jpg,0011_000202.jpg,2,test\0011_000202.png
gamma,1.1468,stress\gamma\0011_000203.jpg,0011_000203.jpg,2,test\0011_000203.png
gamma,1.3005,stress\gamma\0011_000204.jpg,0011_000204.jpg,2,test\0011_000204.png
gamma,1.2121,stress\gamma\0011_000205.jpg,0011_000205.jpg,2,test\0011_000205.png
gamma,1.1063,stress\gamma\0011_000206.jpg,0011_000206.jpg,2,test\0011_000206.png
gamma,1.1298,stress\gamma\0011_000207.jpg,0011_000207.jpg,2,test\0011_000207.png
gamma,1.3069,stress\gamma\0011_000208.jpg,0011_000208.jpg,2,test\0011_000208.png
gamma,0.9763,stress\gamma\0011_000209.jpg,0011_000209.jpg,2,test\0011_000209.png
gamma,1.054,stress\gamma\0011_000210.jpg,0011_000210.jpg,2,test\0011_000210.png
gamma,1.121,stress\gamma\0011_000211.jpg,0011_000211.jpg,2,test\0011_000211.png
gamma,1.2905,stress\gamma\0011_000212.jpg,0011_000212.jpg,2,test\0011_000212.png
gamma,1.2373,stress\gamma\0011_000213.jpg,0011_000213.jpg,2,test\0011_000213.png
gamma,0.7464,stress\gamma\0011_000214.jpg,0011_000214.jpg,2,test\0011_000214.png
gamma,0.8078,stress\gamma\0011_000215.jpg,0011_000215.jpg,2,test\0011_000215.png
gamma,0.8999,stress\gamma\0011_000216.jpg,0011_000216.jpg,2,test\0011_000216.png
gamma,1.1868,stress\gamma\0011_000217.jpg,0011_000217.jpg,2,test\0011_000217.png
gamma,1.07,stress\gamma\0011_000218.jpg,0011_000218.jpg,2,test\0011_000218.png
gamma,0.8876,stress\gamma\0011_000219.jpg,0011_000219.jpg,2,test\0011_000219.png
gamma,0.7808,stress\gamma\0011_000220.jpg,0011_000220.jpg,2,test\0011_000220.png
gamma,1.1476,stress\gamma\0011_000221.jpg,0011_000221.jpg,2,test\0011_000221.png
gamma,1.1548,stress\gamma\0011_000222.jpg,0011_000222.jpg,2,test\0011_000222.png
