condition,output,quality,relative_path,severity,source
jpeg,stress\jpeg\0003_000000.jpg,70,0003_000000.jpg,2,test\0003_000000.png
jpeg,stress\jpeg\0003_000001.jpg,70,0003_000001.jpg,2,test\0003_000001.png
jpeg,stress\jpeg\0003_000002.jpg,70,0003_000002.jpg,2,test\0003_000002.png
jpeg,stress\jpeg\0003_000003.jpg,70,0003_000003.jpg,2,test\0003_000003.png
jpeg,stress\jpeg\0003_000004.jpg,70,0003_000004.jpg,2,test\0003_000004.png
jpeg,stress\jpeg\0003_000005.jpg,70,0003_000005.jpg,2,test\0003_000005.png
jpeg,stress\jpeg\0003_000006.jpg,70,0003_000006.jpg,2,test\0003_000006.png
jpeg,stress\jpeg\0003_000007.jpg,70,0003_000007.jpg,2,test\0003_000007.png
jpeg,stress\jpeg\0003_000008.jpg,70,0003_000008.jpg,2,test\0003_000008.png
jpeg,stress\jpeg\0003_000009.jpg,70,0003_000009.jpg,2,test\0003_000009.png
jpeg,stress\jpeg\0003_000010.jpg,70,0003_000010.jpg,2,test\0003_000010.png
jpeg,stress\jpeg\0003_000011.jpg,70,0003_000011.jpg,2,test\0003_000011.png
jpeg,stress\jpeg\0003_000012.jpg,70,0003_000012.jpg,2,test\0003_000012.png
jpeg,stress\jpeg\0003_000013.jpg,70,0003_000013.jpg,2,test\0003_000013.png
jpeg,stress\jpeg\0003_000014.jpg,70,0003_000014.jpg,2,test\0003_000014.png
jpeg,stress\jpeg\0003_000015.jpg,70,0003_000015.jpg,2,test\0003_000015.png
jpeg,stress\jpeg\0003_000016.jpg,70,0003_000016.jpg,2,test\0003_000016.png
jpeg,stress\jpeg\0003_000017.jpg,70,0003_000017.jpg,2,test\0003_000017.png
jpeg,stress\jpeg\0003_000018.jpg,70,0003_000018.jpg,2,test\0003_000018.png
jpeg,stress\jpeg\0003_000019.jpg,70,0003_000019.jpg,2,test\0003_000019.png
jpeg,stress\jpeg\0003_000020.jpg,70,0003_000020.jpg,2,test\0003_000020.png
jpeg,stress\jpeg\0003_000021.jpg,70,0003_000021.jpg,2,test\0003_000021.png
jpeg,stress\jpeg\0003_000022.jpg,70,0003_000022.jpg,2,test\0003_000022.png
jpeg,stress\jpeg\0003_000023.jpg,70,0003_000023.jpg,2,test\0003_000023.png
jpeg,stress\jpeg\0003_000024.jpg,70,0003_000024.jpg,2,test\0003_000024.png
jpeg,stress\jpeg\0003_000025.jpg,70,0003_000025.jpg,2,test\0003_000025.png
jpeg,stress\jpeg\0003_000026.jpg,70,0003_000026.jpg,2,test\0003_000026.png
jpeg,stress\jpeg\0003_000027.jpg,70,0003_000027.jpg,2,test\0003_000027.png
jpeg,stress\jpeg\0003_000028.jpg,70,0003_000028.jpg,2,test\0003_000028.png
jpeg,stress\jpeg\0003_000029.jpg,70,0003_000029.jpg,2,test\0003_000029.png
jpeg,stress\jpeg\0003_000030.jpg,70,0003_000030.jpg,2,test\0003_000030.png
jpeg,stress\jpeg\0003_000031.jpg,70,0003_000031.jpg,2,test\0003_000031.png
jpeg,stress\jpeg\0003_000032.jpg,70,0003_000032.jpg,2,test\0003_000032.png
jpeg,stress\jpeg\0003_000033.jpg,70,0003_000033.jpg,2,test\0003_000033.png
jpeg,stress\jpeg\0003_000034.jpg,70,0003_000034.jpg,2,test\0003_000034.png
jpeg,stress\jpeg\0003_000035.jpg,70,0003_000035.jpg,2,test\0003_000035.png
jpeg,stress\jpeg\0003_000036.jpg,70,0003_000036.jpg,2,test\0003_000036.png
jpeg,stress\jpeg\0003_000037.jpg,70,0003_000037.jpg,2,test\0003_000037.png
jpeg,stress\jpeg\0003_000038.jpg,70,0003_000038.jpg,2,test\0003_000038.png
jpeg,stress\jpeg\0003_000039.jpg,70,0003_000039.jpg,2,test\0003_000039.png
jpeg,stress\jpeg\0003_000040.jpg,70,0003_000040.jpg,2,test\0003_000040.png
jpeg,stress\jpeg\0003_000041.jpg,70,0003_000041.jpg,2,test\0003_000041.png
jpeg,stress\jpeg\0003_000042.jpg,70,0003_000042.jpg,2,test\0003_000042.png
jpeg,stress\jpeg\0003_000043.jpg,70,0003_000043.jpg,2,test\0003_000043.png
jpeg,stress\jpeg\0003_000044.jpg,70,0003_000044.jpg,2,test\0003_000044.png
jpeg,stress\jpeg\0003_000045.jpg,70,0003_000045.jpg,2,test\0003_000045.png
jpeg,stress\jpeg\0003_000046.jpg,70,0003_000046.jpg,2,test\0003_000046.png
jpeg,stress\jpeg\0003_000047.jpg,70,0003_000047.jpg,2,test\0003_000047.png
jpeg,stress\jpeg\0003_000048.jpg,70,0003_000048.jpg,2,test\0003_000048.png
jpeg,stress\jpeg\0003_000049.jpg,70,0003_000049.jpg,2,test\0003_000049.png
jpeg,stress\jpeg\0003_000050.jpg,70,0003_000050.jpg,2,test\0003_000050.png
jpeg,stress\jpeg\0003_000051.jpg,70,0003_000051.jpg,2,test\0003_000051.png
jpeg,stress\jpeg\0003_000052.jpg,70,0003_000052.jpg,2,test\0003_000052.png
jpeg,stress\jpeg\0003_000053.jpg,70,0003_000053.jpg,2,test\0003_000053.png
jpeg,stress\jpeg\0003_000054.jpg,70,0003_000054.jpg,2,test\0003_000054.png
jpeg,stress\jpeg\0003_000055.jpg,70,0003_000055.jpg,2,test\0003_000055.png
jpeg,stress\jpeg\0003_000056.jpg,70,0003_000056.jpg,2,test\0003_000056.png
jpeg,stress\jpeg\0003_000057.jpg,70,0003_000057.jpg,2,test\0003_000057.png
jpeg,stress\jpeg\0003_000058.jpg,70,0003_000058.jpg,2,test\0003_000058.png
jpeg,stress\jpeg\0003_000059.jpg,70,0003_000059.jpg,2,test\0003_000059.png
jpeg,stress\jpeg\0003_000060.jpg,70,0003_000060.jpg,2,test\0003_000060.png
jpeg,stress\jpeg\0003_000061.jpg,70,0003_000061.jpg,2,test\0003_000061.png
jpeg,stress\jpeg\0003_000062.jpg,70,0003_000062.jpg,2,test\0003_000062.png
jpeg,stress\jpeg\0003_000063.jpg,70,0003_000063.jpg,2,test\0003_000063.png
jpeg,stress\jpeg\0003_000064.jpg,70,0003_000064.jpg,2,test\0003_000064.png
jpeg,stress\jpeg\0003_000065.jpg,70,0003_000065.jpg,2,test\0003_000065.png
jpeg,stress\jpeg\0003_000066.jpg,70,0003_000066.jpg,2,test\0003_000066.png
jpeg,stress\jpeg\0003_000067.jpg,70,0003_000067.jpg,2,test\0003_000067.png
jpeg,stress\jpeg\0003_000068.jpg,70,0003_000068.jpg,2,test\0003_000068.png
jpeg,stress\jpeg\0003_000069.jpg,70,0003_000069.jpg,2,test\0003_000069.png
jpeg,stress\jpeg\0003_000070.jpg,70,0003_000070.jpg,2,test\0003_000070.png
jpeg,stress\jpeg\0003_000071.jpg,70,0003_000071.jpg,2,test\0003_000071.png
jpeg,stress\jpeg\0003_000072.jpg,70,0003_000072.jpg,2,test\0003_000072.png
jpeg,stress\jpeg\0003_000073.jpg,70,0003_000073.jpg,2,test\0003_000073.png
jpeg,stress\jpeg\0003_000074.jpg,70,0003_000074.jpg,2,test\0003_000074.png
jpeg,stress\jpeg\0003_000075.jpg,70,0003_000075.jpg,2,test\0003_000075.png
jpeg,stress\jpeg\0003_000076.jpg,70,0003_000076.jpg,2,test\0003_000076.png
jpeg,stress\jpeg\0003_000077.jpg,70,0003_000077.jpg,2,test\0003_000077.png
jpeg,stress\jpeg\0003_000078.jpg,70,0003_000078.jpg,2,test\0003_000078.png
jpeg,stress\jpeg\0003_000079.jpg,70,0003_000079.jpg,2,test\0003_000079.png
jpeg,stress\jpeg\0003_000080.jpg,70,0003_000080.jpg,2,test\0003_000080.png
jpeg,stress\jpeg\0003_000081.jpg,70,0003_000081.jpg,2,test\0003_000081.png
jpeg,stress\jpeg\0003_000082.jpg,70,0003_000082.jpg,2,test\0003_000082.png
jpeg,stress\jpeg\0003_000083.jpg,70,0003_000083.jpg,2,test\0003_000083.png
jpeg,stress\jpeg\0003_000084.jpg,70,0003_000084.jpg,2,test\0003_000084.png
jpeg,stress\jpeg\0003_000085.jpg,70,0003_000085.jpg,2,test\0003_000085.png
jpeg,stress\jpeg\0003_000086.jpg,70,0003_000086.jpg,2,test\0003_000086.png
jpeg,stress\jpeg\0003_000087.jpg,70,0003_000087.jpg,2,test\0003_000087.png
jpeg,stress\jpeg\0003_000088.jpg,70,0003_000088.jpg,2,test\0003_000088.png
jpeg,stress\jpeg\0003_000089.jpg,70,0003_000089.jpg,2,test\0003_000089.png
jpeg,stress\jpeg\0003_000090.jpg,70,0003_000090.jpg,2,test\0003_000090.png
jpeg,stress\jpeg\0003_000091.jpg,70,0003_000091.jpg,2,test\0003_000091.png
jpeg,stress\jpeg\0003_000092.jpg,70,0003_000092.jpg,2,test\0003_000092.png
jpeg,stress\jpeg\0003_000093.jpg,70,0003_000093.jpg,2,test\0003_000093.png
jpeg,stress\jpeg\0003_000094.jpg,70,0003_000094.jpg,2,test\0003_000094.png
jpeg,stress\jpeg\0003_000095.jpg,70,0003_000095.jpg,2,test\0003_000095.png
jpeg,stress\jpeg\0003_000096.jpg,70,0003_000096.jpg,2,test\0003_000096.png
jpeg,stress\jpeg\0003_000097.jpg,70,0003_000097.jpg,2,test\0003_000097.png
jpeg,stress\jpeg\0003_000098.jpg,70,0003_000098.jpg,2,test\0003_000098.png
jpeg,stress\jpeg\0003_000099.jpg,70,0003_000099.jpg,2,test\0003_000099.png
jpeg,stress\jpeg\0003_000100.jpg,70,0003_000100.jpg,2,test\0003_000100.png
jpeg,stress\jpeg\0003_000101.jpg,70,0003_000101.jpg,2,test\0003_000101.png
jpeg,stress\jpeg\0003_000102.jpg,70,0003_000102.jpg,2,test\0003_000102.png
jpeg,stress\jpeg\0003_000103.jpg,70,0003_000103.jpg,2,test\0003_000103.png
jpeg,stress\jpeg\0003_000104.jpg,70,0003_000104.jpg,2,test\0003_000104.png
jpeg,stress\jpeg\0003_000105.jpg,70,0003_000105.jpg,2,test\0003_000105.png
jpeg,stress\jpeg\0003_000106.jpg,70,0003_000106.jpg,2,test\0003_000106.png
jpeg,stress\jpeg\0003_000107.jpg,70,0003_000107.jpg,2,test\0003_000107.png
jpeg,stress\jpeg\0003_000108.jpg,70,0003_000108.jpg,2,test\0003_000108.png
jpeg,stress\jpeg\0003_000109.jpg,70,0003_000109.jpg,2,test\0003_000109.png
jpeg,stress\jpeg\0003_000110.jpg,70,0003_000110.jpg,2,test\0003_000110.png
jpeg,stress\jpeg\0003_000111.jpg,70,0003_000111.jpg,2,test\0003_000111.png
jpeg,stress\jpeg\0003_000112.jpg,70,0003_000112.jpg,2,test\0003_000112.png
jpeg,stress\jpeg\0003_000113.jpg,70,0003_000113.jpg,2,test\0003_000113.png
jpeg,stress\jpeg\0003_000114.jpg,70,0003_000114.jpg,2,test\0003_000114.png
jpeg,stress\jpeg\0003_000115.jpg,70,0003_000115.jpg,2,test\0003_000115.png
jpeg,stress\jpeg\0003_000116.jpg,70,0003_000116.jpg,2,test\0003_000116.png
jpeg,stress\jpeg\0003_000117.jpg,70,0003_000117.jpg,2,test\0003_000117.png
jpeg,stress\jpeg\0003_000118.jpg,70,0003_000118.jpg,2,test\0003_000118.png
jpeg,stress\jpeg\0003_000119.jpg,70,0003_000119.jpg,2,test\0003_000119.png
jpeg,stress\jpeg\0003_000120.jpg,70,0003_000120.jpg,2,test\0003_000120.png
jpeg,stress\jpeg\0003_000121.jpg,70,0003_000121.jpg,2,test\0003_000121.png
jpeg,stress\jpeg\0003_000122.jpg,70,0003_000122.jpg,2,test\0003_000122.png
jpeg,stress\jpeg\0003_000123.jpg,70,0003_000123.jpg,2,test\0003_000123.png
jpeg,stress\jpeg\0003_000124.jpg,70,0003_000124.jpg,2,test\0003_000124.png
jpeg,stress\jpeg\0003_000125.jpg,70,0003_000125.jpg,2,test\0003_000125.png
jpeg,stress\jpeg\0003_000126.jpg,70,0003_000126.jpg,2,test\0003_000126.png
jpeg,stress\jpeg\0003_000127.jpg,70,0003_000127.jpg,2,test\0003_000127.png
jpeg,stress\jpeg\0003_000128.jpg,70,0003_000128.jpg,2,test\0003_000128.png
jpeg,stress\jpeg\0003_000129.jpg,70,0003_000129.jpg,2,test\0003_000129.png
jpeg,stress\jpeg\0003_000130.jpg,70,0003_000130.jpg,2,test\0003_000130.png
jpeg,stress\jpeg\0003_000131.jpg,70,0003_000131.jpg,2,test\0003_000131.png
jpeg,stress\jpeg\0003_000132.jpg,70,0003_000132.jpg,2,test\0003_000132.png
jpeg,stress\jpeg\0003_000133.jpg,70,0003_000133.jpg,2,test\0003_000133.png
jpeg,stress\jpeg\0003_000134.jpg,70,0003_000134.jpg,2,test\0003_000134.png
jpeg,stress\jpeg\0003_000135.jpg,70,0003_000135.jpg,2,test\0003_000135.png
jpeg,stress\jpeg\0003_000136.jpg,70,0003_000136.jpg,2,test\0003_000136.png
jpeg,stress\jpeg\0003_000137.jpg,70,0003_000137.jpg,2,test\0003_000137.png
jpeg,stress\jpeg\0003_000138.jpg,70,0003_000138.jpg,2,test\0003_000138.png
jpeg,stress\jpeg\0003_000139.jpg,70,0003_000139.jpg,2,test\0003_000139.png
jpeg,stress\jpeg\0003_000140.jpg,70,0003_000140.jpg,2,test\0003_000140.png
jpeg,stress\jpeg\0003_000141.jpg,70,0003_000141.jpg,2,test\0003_000141.png
jpeg,stress\jpeg\0003_000142.jpg,70,0003_000142.jpg,2,test\0003_000142.png
jpeg,stress\jpeg\0003_000143.jpg,70,0003_000143.jpg,2,test\0003_000143.png
jpeg,stress\jpeg\0003_000144.jpg,70,0003_000144.jpg,2,test\0003_000144.png
jpeg,stress\jpeg\0003_000145.jpg,70,0003_000145.jpg,2,test\0003_000145.png
jpeg,stress\jpeg\0003_000146.jpg,70,0003_000146.jpg,2,test\0003_000146.png
jpeg,stress\jpeg\0003_000147.jpg,70,0003_000147.jpg,2,test\0003_000147.png
jpeg,stress\jpeg\0003_000148.jpg,70,0003_000148.jpg,2,test\0003_000148.png
jpeg,stress\jpeg\0003_000149.jpg,70,0003_000149.jpg,2,test\0003_000149.png
jpeg,stress\jpeg\0003_000150.jpg,70,0003_000150.jpg,2,test\0003_000150.png
jpeg,stress\jpeg\0003_000151.jpg,70,0003_000151.jpg,2,test\0003_000151.png
jpeg,stress\jpeg\0003_000152.jpg,70,0003_000152.jpg,2,test\0003_000152.png
jpeg,stress\jpeg\0003_000153.jpg,70,0003_000153.jpg,2,test\0003_000153.png
jpeg,stress\jpeg\0003_000154.jpg,70,0003_000154.jpg,2,test\0003_000154.png
jpeg,stress\jpeg\0003_000155.jpg,70,0003_000155.jpg,2,test\0003_000155.png
jpeg,stress\jpeg\0003_000156.jpg,70,0003_000156.jpg,2,test\0003_000156.png
jpeg,stress\jpeg\0003_000157.jpg,70,0003_000157.jpg,2,test\0003_000157.png
jpeg,stress\jpeg\0003_000158.jpg,70,0003_000158.jpg,2,test\0003_000158.png
jpeg,stress\jpeg\0003_000159.jpg,70,0003_000159.jpg,2,test\0003_000159.png
jpeg,stress\jpeg\0003_000160.jpg,70,0003_000160.jpg,2,test\0003_000160.png
jpeg,stress\jpeg\0003_000161.jpg,70,0003_000161.jpg,2,test\0003_000161.png
jpeg,stress\jpeg\0003_000162.jpg,70,0003_000162.jpg,2,test\0003_000162.png
jpeg,stress\jpeg\0003_000163.jpg,70,0003_000163.jpg,2,test\0003_000163.png
jpeg,stress\jpeg\0003_000164.jpg,70,0003_000164.jpg,2,test\0003_000164.png
jpeg,stress\jpeg\0003_000165.jpg,70,0003_000165.jpg,2,test\0003_000165.png
jpeg,stress\jpeg\0003_000166.jpg,70,0003_000166.jpg,2,test\0003_000166.png
jpeg,stress\jpeg\0003_000167.jpg,70,0003_000167.jpg,2,test\0003_000167.png
jpeg,stress\jpeg\0003_000168.jpg,70,0003_000168.jpg,2,test\0003_000168.png
jpeg,stress\jpeg\0003_000169.jpg,70,0003_000169.jpg,2,test\0003_000169.png
jpeg,stress\jpeg\0003_000170.jpg,70,0003_000170.jpg,2,test\0003_000170.png
jpeg,stress\jpeg\0003_000171.jpg,70,0003_000171.jpg,2,test\0003_000171.png
jpeg,stress\jpeg\0003_000172.jpg,70,0003_000172.jpg,2,test\0003_000172.png
jpeg,stress\jpeg\0003_000173.jpg,70,0003_000173.jpg,2,test\0003_000173.png
jpeg,stress\jpeg\0003_000174.jpg,70,0003_000174.jpg,2,test\0003_000174.png
jpeg,stress\jpeg\0003_000175.jpg,70,0003_000175.jpg,2,test\0003_000175.png
jpeg,stress\jpeg\0003_000176.jpg,70,0003_000176.jpg,2,test\0003_000176.png
jpeg,stress\jpeg\0003_000177.jpg,70,0003_000177.jpg,2,test\0003_000177.png
jpeg,stress\jpeg\0003_000178.jpg,70,0003_000178.jpg,2,test\0003_000178.png
jpeg,stress\jpeg\0003_000179.jpg,70,0003_000179.jpg,2,test\0003_000179.png
jpeg,stress\jpeg\0003_000180.jpg,70,0003_000180.jpg,2,test\0003_000180.png
jpeg,stress\jpeg\0003_000181.jpg,70,0003_000181.jpg,2,test\0003_000181.png
jpeg,stress\jpeg\0003_000182.jpg,70,0003_000182.jpg,2,test\0003_000182.png
jpeg,stress\jpeg\0003_000183.jpg,70,0003_000183.jpg,2,test\0003_000183.png
jpeg,stress\jpeg\0003_000184.jpg,70,0003_000184.jpg,2,test\0003_000184.png
jpeg,stress\jpeg\0003_000185.jpg,70,0003_000185.jpg,2,test\0003_000185.png
jpeg,stress\jpeg\0003_000186.jpg,70,0003_000186.jpg,2,test\0003_000186.png
jpeg,stress\jpeg\0003_000187.jpg,70,0003_000187.jpg,2,test\0003_000187.png
jpeg,stress\jpeg\0003_000188.jpg,70,0003_000188.jpg,2,test\0003_000188.png
jpeg,stress\jpeg\0003_000189.jpg,70,0003_000189.jpg,2,test\0003_000189.png
jpeg,stress\jpeg\0003_000190.jpg,70,0003_000190.jpg,2,test\0003_000190.png
jpeg,stress\jpeg\0003_000191.jpg,70,0003_000191.jpg,2,test\0003_000191.png
jpeg,stress\jpeg\0003_000192.jpg,70,0003_000192.jpg,2,test\0003_000192.png
jpeg,stress\jpeg\0003_000193.jpg,70,0003_000193.jpg,2,test\0003_000193.png
jpeg,stress\jpeg\0003_000194.jpg,70,0003_000194.jpg,2,test\0003_000194.png
jpeg,stress\jpeg\0003_000195.jpg,70,0003_000195.jpg,2,test\0003_000195.png
jpeg,stress\jpeg\0003_000196.jpg,70,0003_000196.jpg,2,test\0003_000196.png
jpeg,stress\jpeg\0003_000197.jpg,70,0003_000197.jpg,2,test\0003_000197.png
jpeg,stress\jpeg\0003_000198.jpg,70,0003_000198.jpg,2,test\0003_000198.png
jpeg,stress\jpeg\0003_000199.jpg,70,0003_000199.jpg,2,test\0003_000199.png
jpeg,stress\jpeg\0003_000200.jpg,70,0003_000200.jpg,2,test\0003_000200.png
jpeg,stress\jpeg\0003_000201.jpg,70,0003_000201.jpg,2,test\0003_000201.png
jpeg,stress\jpeg\0003_000202.jpg,70,0003_000202.jpg,2,test\0003_000202.png
jpeg,stress\jpeg\0003_000203.jpg,70,0003_000203.jpg,2,test\0003_000203.png
jpeg,stress\jpeg\0003_000204.jpg,70,0003_000204.jpg,2,test\0003_000204.png
jpeg,stress\jpeg\0003_000205.jpg,70,0003_000205.jpg,2,test\0003_000205.png
jpeg,stress\jpeg\0003_000206.jpg,70,0003_000206.jpg,2,test\0003_000206.png
jpeg,stress\jpeg\0003_000207.jpg,70,0003_000207.jpg,2,test\0003_000207.png
jpeg,stress\jpeg\0003_000208.jpg,70,0003_000208.jpg,2,test\0003_000208.png
jpeg,stress\jpeg\0003_000209.jpg,70,0003_000209.jpg,2,test\0003_000209.png
jpeg,stress\jpeg\0003_000210.jpg,70,0003_000210.jpg,2,test\0003_000210.png
jpeg,stress\jpeg\0003_000211.jpg,70,0003_000211.jpg,2,test\0003_000211.png
jpeg,stress\jpeg\0003_000212.jpg,70,0003_000212.jpg,2,test\0003_000212.png
jpeg,stress\jpeg\0003_000213.jpg,70,0003_000213.jpg,2,test\0003_000213.png
jpeg,stress\jpeg\0003_000214.jpg,70,0003_000214.jpg,2,test\0003_000214.png
jpeg,stress\jpeg\0003_000215.jpg,70,0003_000215.jpg,2,test\0003_000215.png
jpeg,stress\jpeg\0003_000216.jpg,70,0003_000216.jpg,2,test\0003_000216.png
jpeg,stress\jpeg\0003_000217.jpg,70,0003_000217.jpg,2,test\0003_000217.png
jpeg,stress\jpeg\0003_000218.jpg,70,0003_000218.jpg,2,test\0003_000218.png
jpeg,stress\jpeg\0003_000219.jpg,70,0003_000219.jpg,2,test\0003_000219.png
jpeg,stress\jpeg\0003_000220.jpg,70,0003_000220.jpg,2,test\0003_000220.png
jpeg,stress\jpeg\0003_000221.jpg,70,0003_000221.jpg,2,test\0003_000221.png
jpeg,stress\jpeg\0003_000222.jpg,70,0003_000222.jpg,2,test\0003_000222.png
jpeg,stress\jpeg\0003_000223.jpg,70,0003_000223.jpg,2,test\0003_000223.png
jpeg,stress\jpeg\0003_000224.jpg,70,0003_000224.jpg,2,test\0003_000224.png
jpeg,stress\jpeg\0003_000225.jpg,70,0003_000225.jpg,2,test\0003_000225.png
jpeg,stress\jpeg\0003_000226.jpg,70,0003_000226.jpg,2,test\0003_000226.png
jpeg,stress\jpeg\0003_000227.jpg,70,0003_000227.jpg,2,test\0003_000227.png
jpeg,stress\jpeg\0003_000228.jpg,70,0003_000228.jpg,2,test\0003_000228.png
jpeg,stress\jpeg\0003_000229.jpg,70,0003_000229.jpg,2,test\0003_000229.png
jpeg,stress\jpeg\0003_000230.jpg,70,0003_000230.jpg,2,test\0003_000230.png
jpeg,stress\jpeg\0003_000231.jpg,70,0003_000231.jpg,2,test\0003_000231.png
jpeg,stress\jpeg\0003_000232.jpg,70,0003_000232.jpg,2,test\0003_000232.png
jpeg,stress\jpeg\0003_000233.jpg,70,0003_000233.jpg,2,test\0003_000233.png
jpeg,stress\jpeg\0003_000234.jpg,70,0003_000234.jpg,2,test\0003_000234.png
jpeg,stress\jpeg\0003_000235.jpg,70,0003_000235.jpg,2,test\0003_000235.png
jpeg,stress\jpeg\0003_000236.jpg,70,0003_000236.jpg,2,test\0003_000236.png
jpeg,stress\jpeg\0003_000237.jpg,70,0003_000237.jpg,2,test\0003_000237.png
jpeg,stress\jpeg\0003_000238.jpg,70,0003_000238.jpg,2,test\0003_000238.png
jpeg,stress\jpeg\0003_000239.jpg,70,0003_000239.jpg,2,test\0003_000239.png
jpeg,stress\jpeg\0003_000240.jpg,70,0003_000240.jpg,2,test\0003_000240.png
jpeg,stress\jpeg\0003_000241.jpg,70,0003_000241.jpg,2,test\0003_000241.png
jpeg,stress\jpeg\0003_000242.jpg,70,0003_000242.jpg,2,test\0003_000242.png
jpeg,stress\jpeg\0003_000243.jpg,70,0003_000243.jpg,2,test\0003_000243.png
jpeg,stress\jpeg\0003_000244.jpg,70,0003_000244.jpg,2,test\0003_000244.png
jpeg,stress\jpeg\0007_000000.jpg,70,0007_000000.jpg,2,test\0007_000000.png
jpeg,stress\jpeg\0007_000001.jpg,70,0007_000001.jpg,2,test\0007_000001.png
jpeg,stress\jpeg\0007_000002.jpg,70,0007_000002.jpg,2,test\0007_000002.png
jpeg,stress\jpeg\0007_000003.jpg,70,0007_000003.jpg,2,test\0007_000003.png
jpeg,stress\jpeg\0007_000004.jpg,70,0007_000004.jpg,2,test\0007_000004.png
jpeg,stress\jpeg\0007_000005.jpg,70,0007_000005.jpg,2,test\0007_000005.png
jpeg,stress\jpeg\0007_000006.jpg,70,0007_000006.jpg,2,test\0007_000006.png
jpeg,stress\jpeg\0007_000007.jpg,70,0007_000007.jpg,2,test\0007_000007.png
jpeg,stress\jpeg\0007_000008.jpg,70,0007_000008.jpg,2,test\0007_000008.png
jpeg,stress\jpeg\0007_000009.jpg,70,0007_000009.jpg,2,test\0007_000009.png
jpeg,stress\jpeg\0007_000010.jpg,70,0007_000010.jpg,2,test\0007_000010.png
jpeg,stress\jpeg\0007_000011.jpg,70,0007_000011.jpg,2,test\0007_000011.png
jpeg,stress\jpeg\0007_000012.jpg,70,0007_000012.jpg,2,test\0007_000012.png
jpeg,stress\jpeg\0007_000013.jpg,70,0007_000013.jpg,2,test\0007_000013.png
jpeg,stress\jpeg\0007_000014.jpg,70,0007_000014.jpg,2,test\0007_000014.png
jpeg,stress\jpeg\0007_000015.jpg,70,0007_000015.jpg,2,test\0007_000015.png
jpeg,stress\jpeg\0007_000016.jpg,70,0007_000016.jpg,2,test\0007_000016.png
jpeg,stress\jpeg\0007_000017.jpg,70,0007_000017.jpg,2,test\0007_000017.png
jpeg,stress\jpeg\0007_000018.jpg,70,0007_000018.jpg,2,test\0007_000018.png
jpeg,stress\jpeg\0007_000019.jpg,70,0007_000019.jpg,2,test\0007_000019.png
jpeg,stress\jpeg\0007_000020.jpg,70,0007_000020.jpg,2,test\0007_000020.png
jpeg,stress\jpeg\0007_000021.jpg,70,0007_000021.jpg,2,test\0007_000021.png
jpeg,stress\jpeg\0007_000022.jpg,70,0007_000022.jpg,2,test\0007_000022.png
jpeg,stress\jpeg\0007_000023.jpg,70,0007_000023.jpg,2,test\0007_000023.png
jpeg,stress\jpeg\0007_000024.jpg,70,0007_000024.jpg,2,test\0007_000024.png
jpeg,stress\jpeg\0007_000025.jpg,70,0007_000025.jpg,2,test\0007_000025.png
jpeg,stress\jpeg\0007_000026.jpg,70,0007_000026.jpg,2,test\0007_000026.png
jpeg,stress\jpeg\0007_000027.jpg,70,0007_000027.jpg,2,test\0007_000027.png
jpeg,stress\jpeg\0007_000028.jpg,70,0007_000028.jpg,2,test\0007_000028.png
jpeg,stress\jpeg\0007_000029.jpg,70,0007_000029.jpg,2,test\0007_000029.png
jpeg,stress\jpeg\0007_000030.jpg,70,0007_000030.jpg,2,test\0007_000030.png
jpeg,stress\jpeg\0007_000031.jpg,70,0007_000031.jpg,2,test\0007_000031.png
jpeg,stress\jpeg\0007_000032.jpg,70,0007_000032.jpg,2,test\0007_000032.png
jpeg,stress\jpeg\0007_000033.jpg,70,0007_000033.jpg,2,test\0007_000033.png
jpeg,stress\jpeg\0007_000034.jpg,70,0007_000034.jpg,2,test\0007_000034.png
jpeg,stress\jpeg\0007_000035.jpg,70,0007_000035.jpg,2,test\0007_000035.png
jpeg,stress\jpeg\0007_000036.jpg,70,0007_000036.jpg,2,test\0007_000036.png
jpeg,stress\jpeg\0007_000037.jpg,70,0007_000037.jpg,2,test\0007_000037.png
jpeg,stress\jpeg\0007_000038.jpg,70,0007_000038.jpg,2,test\0007_000038.png
jpeg,stress\jpeg\0007_000039.jpg,70,0007_000039.jpg,2,test\0007_000039.png
jpeg,stress\jpeg\0007_000040.jpg,70,0007_000040.jpg,2,test\0007_000040.png
jpeg,stress\jpeg\0007_000041.jpg,70,0007_000041.jpg,2,test\0007_000041.png
jpeg,stress\jpeg\0007_000042.jpg,70,0007_000042.jpg,2,test\0007_000042.png
jpeg,stress\jpeg\0007_000043.jpg,70,0007_000043.jpg,2,test\0007_000043.png
jpeg,stress\jpeg\0007_000044.jpg,70,0007_000044.jpg,2,test\0007_000044.png
jpeg,stress\jpeg\0007_000045.jpg,70,0007_000045.jpg,2,test\0007_000045.png
jpeg,stress\jpeg\0007_000046.jpg,70,0007_000046.jpg,2,test\0007_000046.png
jpeg,stress\jpeg\0007_000047.jpg,70,0007_000047.jpg,2,test\0007_000047.png
jpeg,stress\jpeg\0007_000048.jpg,70,0007_000048.jpg,2,test\0007_000048.png
jpeg,stress\jpeg\0007_000049.jpg,70,0007_000049.jpg,2,test\0007_000049.png
jpeg,stress\jpeg\0007_000050.jpg,70,0007_000050.jpg,2,test\0007_000050.png
jpeg,stress\jpeg\0007_000051.jpg,70,0007_000051.jpg,2,test\0007_000051.png
jpeg,stress\jpeg\0007_000052.jpg,70,0007_000052.jpg,2,test\0007_000052.png
jpeg,stress\jpeg\0007_000053.jpg,70,0007_000053.jpg,2,test\0007_000053.png
jpeg,stress\jpeg\0007_000054.jpg,70,0007_000054.jpg,2,test\0007_000054.png
jpeg,stress\jpeg\0007_000055.jpg,70,0007_000055.jpg,2,test\0007_000055.png
jpeg,stress\jpeg\0007_000056.jpg,70,0007_000056.jpg,2,test\0007_000056.png
jpeg,stress\jpeg\0007_000057.jpg,70,0007_000057.jpg,2,test\0007_000057.png
jpeg,stress\jpeg\0007_000058.jpg,70,0007_000058.jpg,2,test\0007_000058.png
jpeg,stress\jpeg\0007_000059.jpg,70,0007_000059.jpg,2,test\0007_000059.png
jpeg,stress\jpeg\0007_000060.jpg,70,0007_000060.jpg,2,test\0007_000060.png
jpeg,stress\jpeg\0007_000061.jpg,70,0007_000061.jpg,2,test\0007_000061.png
jpeg,stress\jpeg\0007_000062.jpg,70,0007_000062.jpg,2,test\0007_000062.png
jpeg,stress\jpeg\0007_000063.jpg,70,0007_000063.jpg,2,test\0007_000063.png
jpeg,stress\jpeg\0007_000064.jpg,70,0007_000064.jpg,2,test\0007_000064.png
jpeg,stress\jpeg\0007_000065.jpg,70,0007_000065.jpg,2,test\0007_000065.png
jpeg,stress\jpeg\0007_000066.jpg,70,0007_000066.jpg,2,test\0007_000066.png
jpeg,stress\jpeg\0007_000067.jpg,70,0007_000067.jpg,2,test\0007_000067.png
jpeg,stress\jpeg\0007_000068.jpg,70,0007_000068.jpg,2,test\0007_000068.png
jpeg,stress\jpeg\0007_000069.jpg,70,0007_000069.jpg,2,test\0007_000069.png
jpeg,stress\jpeg\0007_000070.jpg,70,0007_000070.jpg,2,test\0007_000070.png
jpeg,stress\jpeg\0007_000071.jpg,70,0007_000071.jpg,2,test\0007_000071.png
jpeg,stress\jpeg\0007_000072.jpg,70,0007_000072.jpg,2,test\0007_000072.png
jpeg,stress\jpeg\0007_000073.jpg,70,0007_000073.jpg,2,test\0007_000073.png
jpeg,stress\jpeg\0007_000074.jpg,70,0007_000074.jpg,2,test\0007_000074.png
jpeg,stress\jpeg\0007_000075.jpg,70,0007_000075.jpg,2,test\0007_000075.png
jpeg,stress\jpeg\0007_000076.jpg,70,0007_000076.jpg,2,test\0007_000076.png
jpeg,stress\jpeg\0007_000077.jpg,70,0007_000077.jpg,2,test\0007_000077.png
jpeg,stress\jpeg\0007_000078.jpg,70,0007_000078.jpg,2,test\0007_000078.png
jpeg,stress\jpeg\0007_000079.jpg,70,0007_000079.jpg,2,test\0007_000079.png
jpeg,stress\jpeg\0007_000080.jpg,70,0007_000080.jpg,2,test\0007_000080.png
jpeg,stress\jpeg\0007_000081.jpg,70,0007_000081.jpg,2,test\0007_000081.png
jpeg,stress\jpeg\0007_000082.jpg,70,0007_000082.jpg,2,test\0007_000082.png
jpeg,stress\jpeg\0007_000083.jpg,70,0007_000083.jpg,2,test\0007_000083.png
jpeg,stress\jpeg\0007_000084.jpg,70,0007_000084.jpg,2,test\0007_000084.png
jpeg,stress\jpeg\0007_000085.jpg,70,0007_000085.jpg,2,test\0007_000085.png
jpeg,stress\jpeg\0007_000086.jpg,70,0007_000086.jpg,2,test\0007_000086.png
jpeg,stress\jpeg\0007_000087.jpg,70,0007_000087.jpg,2,test\0007_000087.png
jpeg,stress\jpeg\0007_000088.jpg,70,0007_000088.jpg,2,test\0007_000088.png
jpeg,stress\jpeg\0007_000089.jpg,70,0007_000089.jpg,2,test\0007_000089.png
jpeg,stress\jpeg\0007_000090.jpg,70,0007_000090.jpg,2,test\0007_000090.png
jpeg,stress\jpeg\0007_000091.jpg,70,0007_000091.jpg,2,test\0007_000091.png
jpeg,stress\jpeg\0007_000092.jpg,70,0007_000092.jpg,2,test\0007_000092.png
jpeg,stress\jpeg\0007_000093.jpg,70,0007_000093.jpg,2,test\0007_000093.png
jpeg,stress\jpeg\0007_000094.jpg,70,0007_000094.jpg,2,test\0007_000094.png
jpeg,stress\jpeg\0007_000095.jpg,70,0007_000095.jpg,2,test\0007_000095.png
jpeg,stress\jpeg\0007_000096.jpg,70,0007_000096.jpg,2,test\0007_000096.png
jpeg,stress\jpeg\0007_000097.jpg,70,0007_000097.jpg,2,test\0007_000097.png
jpeg,stress\jpeg\0007_000098.jpg,70,0007_000098.jpg,2,test\0007_000098.png
jpeg,stress\jpeg\0007_000099.jpg,70,0007_000099.jpg,2,test\0007_000099.png
jpeg,stress\jpeg\0007_000100.jpg,70,0007_000100.jpg,2,test\0007_000100.png
jpeg,stress\jpeg\0007_000101.jpg,70,0007_000101.jpg,2,test\0007_000101.png
jpeg,stress\jpeg\0007_000102.jpg,70,0007_000102.jpg,2,test\0007_000102.png
jpeg,stress\jpeg\0007_000103.jpg,70,0007_000103.jpg,2,test\0007_000103.png
jpeg,stress\jpeg\0007_000104.jpg,70,0007_000104.jpg,2,test\0007_000104.png
jpeg,stress\jpeg\0007_000105.jpg,70,0007_000105.jpg,2,test\0007_000105.png
jpeg,stress\jpeg\0007_000106.jpg,70,0007_000106.jpg,2,test\0007_000106.png
jpeg,stress\jpeg\0007_000107.jpg,70,0007_000107.jpg,2,test\0007_000107.png
jpeg,stress\jpeg\0007_000108.jpg,70,0007_000108.jpg,2,test\0007_000108.png
jpeg,stress\jpeg\0007_000109.jpg,70,0007_000109.jpg,2,test\0007_000109.png
jpeg,stress\jpeg\0007_000110.jpg,70,0007_000110.jpg,2,test\0007_000110.png
jpeg,stress\jpeg\0007_000111.jpg,70,0007_000111.jpg,2,test\0007_000111.png
jpeg,stress\jpeg\0007_000112.jpg,70,0007_000112.jpg,2,test\0007_000112.png
jpeg,stress\jpeg\0007_000113.jpg,70,0007_000113.jpg,2,test\0007_000113.png
jpeg,stress\jpeg\0007_000114.jpg,70,0007_000114.jpg,2,test\0007_000114.png
jpeg,stress\jpeg\0007_000115.jpg,70,0007_000115.jpg,2,test\0007_000115.png
jpeg,stress\jpeg\0007_000116.jpg,70,0007_000116.jpg,2,test\0007_000116.png
jpeg,stress\jpeg\0007_000117.jpg,70,0007_000117.jpg,2,test\0007_000117.png
jpeg,stress\jpeg\0007_000118.jpg,70,0007_000118.jpg,2,test\0007_000118.png
jpeg,stress\jpeg\0007_000119.jpg,70,0007_000119.jpg,2,test\0007_000119.png
jpeg,stress\jpeg\0007_000120.jpg,70,0007_000120.jpg,2,test\0007_000120.png
jpeg,stress\jpeg\0007_000121.jpg,70,0007_000121.jpg,2,test\0007_000121.png
jpeg,stress\jpeg\0007_000122.jpg,70,0007_000122.jpg,2,test\0007_000122.png
jpeg,stress\jpeg\0007_000123.jpg,70,0007_000123.jpg,2,test\0007_000123.png
jpeg,stress\jpeg\0007_000124.jpg,70,0007_000124.jpg,2,test\0007_000124.png
jpeg,stress\jpeg\0007_000125.jpg,70,0007_000125.jpg,2,test\0007_000125.png
jpeg,stress\jpeg\0007_000126.jpg,70,0007_000126.jpg,2,test\0007_000126.png
jpeg,stress\jpeg\0007_000127.jpg,70,0007_000127.jpg,2,test\0007_000127.png
jpeg,stress\jpeg\0007_000128.jpg,70,0007_000128.jpg,2,test\0007_000128.png
jpeg,stress\jpeg\0007_000129.jpg,70,0007_000129.jpg,2,test\0007_000129.png
jpeg,stress\jpeg\0007_000130.jpg,70,0007_000130.jpg,2,test\0007_000130.png
jpeg,stress\jpeg\0007_000131.jpg,70,0007_000131.jpg,2,test\0007_000131.png
jpeg,stress\jpeg\0007_000132.jpg,70,0007_000132.jpg,2,test\0007_000132.png
jpeg,stress\jpeg\0007_000133.jpg,70,0007_000133.jpg,2,test\0007_000133.png
jpeg,stress\jpeg\0007_000134.jpg,70,0007_000134.jpg,2,test\0007_000134.png
jpeg,stress\jpeg\0007_000135.jpg,70,0007_000135.jpg,2,test\0007_000135.png
jpeg,stress\jpeg\0007_000136.jpg,70,0007_000136.jpg,2,test\0007_000136.png
jpeg,stress\jpeg\0007_000137.jpg,70,0007_000137.jpg,2,test\0007_000137.png
jpeg,stress\jpeg\0007_000138.jpg,70,0007_000138.jpg,2,test\0007_000138.png
jpeg,stress\jpeg\0007_000139.jpg,70,0007_000139.jpg,2,test\0007_000139.png
jpeg,stress\jpeg\0007_000140.jpg,70,0007_000140.jpg,2,test\0007_000140.png
jpeg,stress\jpeg\0007_000141.jpg,70,0007_000141.jpg,2,test\0007_000141.png
jpeg,stress\jpeg\0007_000142.jpg,70,0007_000142.jpg,2,test\0007_000142.png
jpeg,stress\jpeg\0007_000143.jpg,70,0007_000143.jpg,2,test\0007_000143.png
jpeg,stress\jpeg\0007_000144.jpg,70,0007_000144.jpg,2,test\0007_000144.png
jpeg,stress\jpeg\0007_000145.jpg,70,0007_000145.jpg,2,test\0007_000145.png
jpeg,stress\jpeg\0007_000146.jpg,70,0007_000146.jpg,2,test\0007_000146.png
jpeg,stress\jpeg\0007_000147.jpg,70,0007_000147.jpg,2,test\0007_000147.png
jpeg,stress\jpeg\0007_000148.jpg,70,0007_000148.jpg,2,test\0007_000148.png
jpeg,stress\jpeg\0007_000149.jpg,70,0007_000149.jpg,2,test\0007_000149.png
jpeg,stress\jpeg\0007_000150.jpg,70,0007_000150.jpg,2,test\0007_000150.png
jpeg,stress\jpeg\0007_000151.jpg,70,0007_000151.jpg,2,test\0007_000151.png
jpeg,stress\jpeg\0007_000152.jpg,70,0007_000152.jpg,2,test\0007_000152.png
jpeg,stress\jpeg\0007_000153.jpg,70,0007_000153.jpg,2,test\0007_000153.png
jpeg,stress\jpeg\0007_000154.jpg,70,0007_000154.jpg,2,test\0007_000154.png
jpeg,stress\jpeg\0007_000155.jpg,70,0007_000155.jpg,2,test\0007_000155.png
jpeg,stress\jpeg\0007_000156.jpg,70,0007_000156.jpg,2,test\0007_000156.png
jpeg,stress\jpeg\0007_000157.jpg,70,0007_000157.jpg,2,test\0007_000157.png
jpeg,stress\jpeg\0007_000158.jpg,70,0007_000158.jpg,2,test\0007_000158.png
jpeg,stress\jpeg\0007_000159.jpg,70,0007_000159.jpg,2,test\0007_000159.png
jpeg,stress\jpeg\0007_000160.jpg,70,0007_000160.jpg,2,test\0007_000160.png
jpeg,stress\jpeg\0007_000161.jpg,70,0007_000161.jpg,2,test\0007_000161.png
jpeg,stress\jpeg\0007_000162.jpg,70,0007_000162.jpg,2,test\0007_000162.png
jpeg,stress\jpeg\0007_000163.jpg,70,0007_000163.jpg,2,test\0007_000163.png
jpeg,stress\jpeg\0007_000164.jpg,70,0007_000164.jpg,2,test\0007_000164.png
jpeg,stress\jpeg\0007_000165.jpg,70,0007_000165.jpg,2,test\0007_000165.png
jpeg,stress\jpeg\0007_000166.jpg,70,0007_000166.jpg,2,test\0007_000166.png
jpeg,stress\jpeg\0007_000167.jpg,70,0007_000167.jpg,2,test\0007_000167.png
jpeg,stress\jpeg\0007_000168.jpg,70,0007_000168.jpg,2,test\0007_000168.png
jpeg,stress\jpeg\0007_000169.jpg,70,0007_000169.jpg,2,test\0007_000169.png
jpeg,stress\jpeg\0007_000170.jpg,70,0007_000170.jpg,2,test\0007_000170.png
jpeg,stress\jpeg\0007_000171.jpg,70,0007_000171.jpg,2,test\0007_000171.png
jpeg,stress\jpeg\0007_000172.jpg,70,0007_000172.jpg,2,test\0007_000172.png
jpeg,stress\jpeg\0007_000173.jpg,70,0007_000173.jpg,2,test\0007_000173.png
jpeg,stress\jpeg\0007_000174.jpg,70,0007_000174.jpg,2,test\0007_000174.png
jpeg,stress\jpeg\0007_000175.jpg,70,0007_000175.jpg,2,test\0007_000175.png
jpeg,stress\jpeg\0007_000176.jpg,70,0007_000176.jpg,2,test\0007_000176.png
jpeg,stress\jpeg\0007_000177.jpg,70,0007_000177.jpg,2,test\0007_000177.png
jpeg,stress\jpeg\0007_000178.jpg,70,0007_000178.jpg,2,test\0007_000178.png
jpeg,stress\jpeg\0007_000179.jpg,70,0007_000179.jpg,2,test\0007_000179.png
jpeg,stress\jpeg\0007_000180.jpg,70,0007_000180.jpg,2,test\0007_000180.png
jpeg,stress\jpeg\0007_000181.jpg,70,0007_000181.jpg,2,test\0007_000181.png
jpeg,stress\jpeg\0007_000182.jpg,70,0007_000182.jpg,2,test\0007_000182.png
jpeg,stress\jpeg\0007_000183.jpg,70,0007_000183.jpg,2,test\0007_000183.png
jpeg,stress\jpeg\0007_000184.jpg,70,0007_000184.jpg,2,test\0007_000184.png
jpeg,stress\jpeg\0007_000185.jpg,70,0007_000185.jpg,2,test\0007_000185.png
jpeg,stress\jpeg\0007_000186.jpg,70,0007_000186.jpg,2,test\0007_000186.png
jpeg,stress\jpeg\0007_000187.jpg,70,0007_000187.jpg,2,test\0007_000187.png
jpeg,stress\jpeg\0007_000188.jpg,70,0007_000188.jpg,2,test\0007_000188.png
jpeg,stress\jpeg\0007_000189.jpg,70,0007_000189.jpg,2,test\0007_000189.png
jpeg,stress\jpeg\0007_000190.jpg,70,0007_000190.jpg,2,test\0007_000190.png
jpeg,stress\jpeg\0007_000191.jpg,70,0007_000191.jpg,2,test\0007_000191.png
jpeg,stress\jpeg\0007_000192.jpg,70,0007_000192.jpg,2,test\0007_000192.png
jpeg,stress\jpeg\0007_000193.jpg,70,0007_000193.jpg,2,test\0007_000193.png
jpeg,stress\jpeg\0007_000194.jpg,70,0007_000194.jpg,2,test\0007_000194.png
jpeg,stress\jpeg\0007_000195.jpg,70,0007_000195.jpg,2,test\0007_000195.png
jpeg,stress\jpeg\0007_000196.jpg,70,0007_000196.jpg,2,test\0007_000196.png
jpeg,stress\jpeg\0007_000197.jpg,70,0007_000197.jpg,2,test\0007_000197.png
jpeg,stress\jpeg\0007_000198.jpg,70,0007_000198.jpg,2,test\0007_000198.png
jpeg,stress\jpeg\0007_000199.jpg,70,0007_000199.jpg,2,test\0007_000199.png
jpeg,stress\jpeg\0007_000200.jpg,70,0007_000200.jpg,2,test\0007_000200.png
jpeg,stress\jpeg\0007_000201.jpg,70,0007_000201.jpg,2,test\0007_000201.png
jpeg,stress\jpeg\0007_000202.jpg,70,0007_000202.jpg,2,test\0007_000202.png
jpeg,stress\jpeg\0007_000203.jpg,70,0007_000203.jpg,2,test\0007_000203.png
jpeg,stress\jpeg\0007_000204.jpg,70,0007_000204.jpg,2,test\0007_000204.png
jpeg,stress\jpeg\0007_000205.jpg,70,0007_000205.jpg,2,test\0007_000205.png
jpeg,stress\jpeg\0007_000206.jpg,70,0007_000206.jpg,2,test\0007_000206.png
jpeg,stress\jpeg\0007_000207.jpg,70,0007_000207.jpg,2,test\0007_000207.png
jpeg,stress\jpeg\0007_000208.jpg,70,0007_000208.jpg,2,test\0007_000208.png
jpeg,stress\jpeg\0007_000209.jpg,70,0007_000209.jpg,2,test\0007_000209.png
jpeg,stress\jpeg\0007_000210.jpg,70,0007_000210.jpg,2,test\0007_000210.png
jpeg,stress\jpeg\0007_000211.jpg,70,0007_000211.jpg,2,test\0007_000211.png
jpeg,stress\jpeg\0007_000212.jpg,70,0007_000212.jpg,2,test\0007_000212.png
jpeg,stress\jpeg\0007_000213.jpg,70,0007_000213.jpg,2,test\0007_000213.png
jpeg,stress\jpeg\0007_000214.jpg,70,0007_000214.jpg,2,test\0007_000214.png
jpeg,stress\jpeg\0007_000215.jpg,70,0007_000215.jpg,2,test\0007_000215.png
jpeg,stress\jpeg\0007_000216.jpg,70,0007_000216.jpg,2,test\0007_000216.png
jpeg,stress\jpeg\0007_000217.jpg,70,0007_000217.jpg,2,test\0007_000217.png
jpeg,stress\jpeg\0007_000218.jpg,70,0007_000218.jpg,2,test\0007_000218.png
jpeg,stress\jpeg\0007_000219.jpg,70,0007_000219.jpg,2,test\0007_000219.png
jpeg,stress\jpeg\0007_000220.jpg,70,0007_000220.jpg,2,test\0007_000220.png
jpeg,stress\jpeg\0007_000221.jpg,70,0007_000221.jpg,2,test\0007_000221.png
jpeg,stress\jpeg\0007_000222.jpg,70,0007_000222.jpg,2,test\0007_000222.png
jpeg,stress\jpeg\0007_000223.jpg,70,0007_000223.jpg,2,test\0007_000223.png
jpeg,stress\jpeg\0007_000224.jpg,70,0007_000224.jpg,2,test\0007_000224.png
jpeg,stress\jpeg\0007_000225.jpg,70,0007_000225.jpg,2,test\0007_000225.png
jpeg,stress\jpeg\0007_000226.jpg,70,0007_000226.jpg,2,test\0007_000226.png
jpeg,stress\jpeg\0007_000227.jpg,70,0007_000227.jpg,2,test\0007_000227.png
jpeg,stress\jpeg\0007_000228.jpg,70,0007_000228.jpg,2,test\0007_000228.png
jpeg,stress\jpeg\0007_000229.jpg,70,0007_000229.jpg,2,test\0007_000229.png
jpeg,stress\jpeg\0007_000230.jpg,70,0007_000230.jpg,2,test\0007_000230.png
jpeg,stress\jpeg\0007_000231.jpg,70,0007_000231.jpg,2,test\0007_000231.png
jpeg,stress\jpeg\0007_000232.jpg,70,0007_000232.jpg,2,test\0007_000232.png
jpeg,stress\jpeg\0007_000233.jpg,70,0007_000233.jpg,2,test\0007_000233.png
jpeg,stress\jpeg\0007_000234.jpg,70,0007_000234.jpg,2,test\0007_000234.png
jpeg,stress\jpeg\0007_000235.jpg,70,0007_000235.jpg,2,test\0007_000235.png
jpeg,stress\jpeg\0007_000236.jpg,70,0007_000236.jpg,2,test\0007_000236.png
jpeg,stress\jpeg\0007_000237.jpg,70,0007_000237.jpg,2,test\0007_000237.png
jpeg,stress\jpeg\0007_000238.jpg,70,0007_000238.jpg,2,test\0007_000238.png
jpeg,stress\jpeg\0007_000239.jpg,70,0007_000239.jpg,2,test\0007_000239.png
jpeg,stress\jpeg\0007_000240.jpg,70,0007_000240.jpg,2,test\0007_000240.png
jpeg,stress\jpeg\0007_000241.jpg,70,0007_000241.jpg,2,test\0007_000241.png
jpeg,stress\jpeg\0007_000242.jpg,70,0007_000242.jpg,2,test\0007_000242.png
jpeg,stress\jpeg\0007_000243.jpg,70,0007_000243.jpg,2,test\0007_000243.png
jpeg,stress\jpeg\0011_000000.jpg,70,0011_000000.jpg,2,test\0011_000000.png
jpeg,stress\jpeg\0011_000001.jpg,70,0011_000001.jpg,2,test\0011_000001.png
jpeg,stress\jpeg\0011_000002.jpg,70,0011_000002.jpg,2,test\0011_000002.png
jpeg,stress\jpeg\0011_000003.jpg,70,0011_000003.jpg,2,test\0011_000003.png
jpeg,stress\jpeg\0011_000004.jpg,70,0011_000004.jpg,2,test\0011_000004.png
jpeg,stress\jpeg\0011_000005.jpg,70,0011_000005.jpg,2,test\0011_000005.png
jpeg,stress\jpeg\0011_000006.jpg,70,0011_000006.jpg,2,test\0011_000006.png
jpeg,stress\jpeg\0011_000007.jpg,70,0011_000007.jpg,2,test\0011_000007.png
jpeg,stress\jpeg\0011_000008.jpg,70,0011_000008.jpg,2,test\0011_000008.png
jpeg,stress\jpeg\0011_000009.jpg,70,0011_000009.jpg,2,test\0011_000009.png
jpeg,stress\jpeg\0011_000010.jpg,70,0011_000010.jpg,2,test\0011_000010.png
jpeg,stress\jpeg\0011_000011.jpg,70,0011_000011.jpg,2,test\0011_000011.png
jpeg,stress\jpeg\0011_000012.jpg,70,0011_000012.jpg,2,test\0011_000012.png
jpeg,stress\jpeg\0011_000013.jpg,70,0011_000013.jpg,2,test\0011_000013.png
jpeg,stress\jpeg\0011_000014.jpg,70,0011_000014.jpg,2,test\0011_000014.png
jpeg,stress\jpeg\0011_000015.jpg,70,0011_000015.jpg,2,test\0011_000015.png
jpeg,stress\jpeg\0011_000016.jpg,70,0011_000016.jpg,2,test\0011_000016.png
jpeg,stress\jpeg\0011_000017.jpg,70,0011_000017.jpg,2,test\0011_000017.png
jpeg,stress\jpeg\0011_000018.jpg,70,0011_000018.jpg,2,test\0011_000018.png
jpeg,stress\jpeg\0011_000019.jpg,70,0011_000019.jpg,2,test\0011_000019.png
jpeg,stress\jpeg\0011_000020.jpg,70,0011_000020.jpg,2,test\0011_000020.png
jpeg,stress\jpeg\0011_000021.jpg,70,0011_000021.jpg,2,test\0011_000021.png
jpeg,stress\jpeg\0011_000022.jpg,70,0011_000022.jpg,2,test\0011_000022.png
jpeg,stress\jpeg\0011_000023.jpg,70,0011_000023.jpg,2,test\0011_000023.png
jpeg,stress\jpeg\0011_000024.jpg,70,0011_000024.jpg,2,test\0011_000024.png
jpeg,stress\jpeg\0011_000025.jpg,70,0011_000025.jpg,2,test\0011_000025.png
jpeg,stress\jpeg\0011_000026.jpg,70,0011_000026.jpg,2,test\0011_000026.png
jpeg,stress\jpeg\0011_000027.jpg,70,0011_000027.jpg,2,test\0011_000027.png
jpeg,stress\jpeg\0011_000028.jpg,70,0011_000028.jpg,2,test\0011_000028.png
jpeg,stress\jpeg\0011_000029.jpg,70,0011_000029.jpg,2,test\0011_000029.png
jpeg,stress\jpeg\0011_000030.jpg,70,0011_000030.jpg,2,test\0011_000030.png
jpeg,stress\jpeg\0011_000031.jpg,70,0011_000031.jpg,2,test\0011_000031.png
jpeg,stress\jpeg\0011_000032.jpg,70,0011_000032.jpg,2,test\0011_000032.png
jpeg,stress\jpeg\0011_000033.jpg,70,0011_000033.jpg,2,test\0011_000033.png
jpeg,stress\jpeg\0011_000034.jpg,70,0011_000034.jpg,2,test\0011_000034.png
jpeg,stress\jpeg\0011_000035.jpg,70,0011_000035.jpg,2,test\0011_000035.png
jpeg,stress\jpeg\0011_000036.jpg,70,0011_000036.jpg,2,test\0011_000036.png
jpeg,stress\jpeg\0011_000037.jpg,70,0011_000037.jpg,2,test\0011_000037.png
jpeg,stress\jpeg\0011_000038.jpg,70,0011_000038.jpg,2,test\0011_000038.png
jpeg,stress\jpeg\0011_000039.jpg,70,0011_000039.jpg,2,test\0011_000039.png
jpeg,stress\jpeg\0011_000040.jpg,70,0011_000040.jpg,2,test\0011_000040.png
jpeg,stress\jpeg\0011_000041.jpg,70,0011_000041.jpg,2,test\0011_000041.png
jpeg,stress\jpeg\0011_000042.jpg,70,0011_000042.jpg,2,test\0011_000042.png
jpeg,stress\jpeg\0011_000043.jpg,70,0011_000043.jpg,2,test\0011_000043.png
jpeg,stress\jpeg\0011_000044.jpg,70,0011_000044.jpg,2,test\0011_000044.png
jpeg,stress\jpeg\0011_000045.jpg,70,0011_000045.jpg,2,test\0011_000045.png
jpeg,stress\jpeg\0011_000046.jpg,70,0011_000046.jpg,2,test\0011_000046.png
jpeg,stress\jpeg\0011_000047.jpg,70,0011_000047.jpg,2,test\0011_000047.png
jpeg,stress\jpeg\0011_000048.jpg,70,0011_000048.jpg,2,test\0011_000048.png
jpeg,stress\jpeg\0011_000049.jpg,70,0011_000049.jpg,2,test\0011_000049.png
jpeg,stress\jpeg\0011_000050.jpg,70,0011_000050.jpg,2,test\0011_000050.png
jpeg,stress\jpeg\0011_000051.jpg,70,0011_000051.jpg,2,test\0011_000051.png
jpeg,stress\jpeg\0011_000052.jpg,70,0011_000052.jpg,2,test\0011_000052.png
jpeg,stress\jpeg\0011_000053.jpg,70,0011_000053.jpg,2,test\0011_000053.png
jpeg,stress\jpeg\0011_000054.jpg,70,0011_000054.jpg,2,test\0011_000054.png
jpeg,stress\jpeg\0011_000055.jpg,70,0011_000055.jpg,2,test\0011_000055.png
jpeg,stress\jpeg\0011_000056.jpg,70,0011_000056.jpg,2,test\0011_000056.png
jpeg,stress\jpeg\0011_000057.jpg,70,0011_000057.jpg,2,test\0011_000057.png
jpeg,stress\jpeg\0011_000058.jpg,70,0011_000058.jpg,2,test\0011_000058.png
jpeg,stress\jpeg\0011_000059.jpg,70,0011_000059.jpg,2,test\0011_000059.png
jpeg,stress\jpeg\0011_000060.jpg,70,0011_000060.jpg,2,test\0011_000060.png
jpeg,stress\jpeg\0011_000061.jpg,70,0011_000061.jpg,2,test\0011_000061.png
jpeg,stress\jpeg\0011_000062.jpg,70,0011_000062.jpg,2,test\0011_000062.png
jpeg,stress\jpeg\0011_000063.jpg,70,0011_000063.jpg,2,test\0011_000063.png
jpeg,stress\jpeg\0011_000064.jpg,70,0011_000064.jpg,2,test\0011_000064.png
jpeg,stress\jpeg\0011_000065.jpg,70,0011_000065.jpg,2,test\0011_000065.png
jpeg,stress\jpeg\0011_000066.jpg,70,0011_000066.jpg,2,test\0011_000066.png
jpeg,stress\jpeg\0011_000067.jpg,70,0011_000067.jpg,2,test\0011_000067.png
jpeg,stress\jpeg\0011_000068.jpg,70,0011_000068.jpg,2,test\0011_000068.png
jpeg,stress\jpeg\0011_000069.jpg,70,0011_000069.jpg,2,test\0011_000069.png
jpeg,stress\jpeg\0011_000070.jpg,70,0011_000070.jpg,2,test\0011_000070.png
jpeg,stress\jpeg\0011_000071.jpg,70,0011_000071.jpg,2,test\0011_000071.png
jpeg,stress\jpeg\0011_000072.jpg,70,0011_000072.jpg,2,test\0011_000072.png
jpeg,stress\jpeg\0011_000073.jpg,70,0011_000073.jpg,2,test\0011_000073.png
jpeg,stress\jpeg\0011_000074.jpg,70,0011_000074.jpg,2,test\0011_000074.png
jpeg,stress\jpeg\0011_000075.jpg,70,0011_000075.jpg,2,test\0011_000075.png
jpeg,stress\jpeg\0011_000076.jpg,70,0011_000076.jpg,2,test\0011_000076.png
jpeg,stress\jpeg\0011_000077.jpg,70,0011_000077.jpg,2,test\0011_000077.png
jpeg,stress\jpeg\0011_000078.jpg,70,0011_000078.jpg,2,test\0011_000078.png
jpeg,stress\jpeg\0011_000079.jpg,70,0011_000079.jpg,2,test\0011_000079.png
jpeg,stress\jpeg\0011_000080.jpg,70,0011_000080.jpg,2,test\0011_000080.png
jpeg,stress\jpeg\0011_000081.jpg,70,0011_000081.jpg,2,test\0011_000081.png
jpeg,stress\jpeg\0011_000082.jpg,70,0011_000082.jpg,2,test\0011_000082.png
jpeg,stress\jpeg\0011_000083.jpg,70,0011_000083.jpg,2,test\0011_000083.png
jpeg,stress\jpeg\0011_000084.jpg,70,0011_000084.jpg,2,test\0011_000084.png
jpeg,stress\jpeg\0011_000085.jpg,70,0011_000085.jpg,2,test\0011_000085.png
jpeg,stress\jpeg\0011_000086.jpg,70,0011_000086.jpg,2,test\0011_000086.png
jpeg,stress\jpeg\0011_000087.jpg,70,0011_000087.jpg,2,test\0011_000087.png
jpeg,stress\jpeg\0011_000088.jpg,70,0011_000088.jpg,2,test\0011_000088.png
jpeg,stress\jpeg\0011_000089.jpg,70,0011_000089.jpg,2,test\0011_000089.png
jpeg,stress\jpeg\0011_000090.jpg,70,0011_000090.jpg,2,test\0011_000090.png
jpeg,stress\jpeg\0011_000091.jpg,70,0011_000091.jpg,2,test\0011_000091.png
jpeg,stress\jpeg\0011_000092.jpg,70,0011_000092.jpg,2,test\0011_000092.png
jpeg,stress\jpeg\0011_000093.jpg,70,0011_000093.jpg,2,test\0011_000093.png
jpeg,stress\jpeg\0011_000094.jpg,70,0011_000094.jpg,2,test\0011_000094.png
jpeg,stress\jpeg\0011_000095.jpg,70,0011_000095.jpg,2,test\0011_000095.png
jpeg,stress\jpeg\0011_000096.jpg,70,0011_000096.jpg,2,test\0011_000096.png
jpeg,stress\jpeg\0011_000097.jpg,70,0011_000097.jpg,2,test\0011_000097.png
jpeg,stress\jpeg\0011_000098.jpg,70,0011_000098.jpg,2,test\0011_000098.png
jpeg,stress\jpeg\0011_000099.jpg,70,0011_000099.jpg,2,test\0011_000099.png
jpeg,stress\jpeg\0011_000100.jpg,70,0011_000100.jpg,2,test\0011_000100.png
jpeg,stress\jpeg\0011_000101.jpg,70,0011_000101.jpg,2,test\0011_000101.png
jpeg,stress\jpeg\0011_000102.jpg,70,0011_000102.jpg,2,test\0011_000102.png
jpeg,stress\jpeg\0011_000103.jpg,70,0011_000103.jpg,2,test\0011_000103.png
jpeg,stress\jpeg\0011_000104.jpg,70,0011_000104.jpg,2,test\0011_000104.png
jpeg,stress\jpeg\0011_000105.jpg,70,0011_000105.jpg,2,test\0011_000105.png
jpeg,stress\jpeg\0011_000106.jpg,70,0011_000106.jpg,2,test\0011_000106.png
jpeg,stress\jpeg\0011_000107.jpg,70,0011_000107.jpg,2,test\0011_000107.png
jpeg,stress\jpeg\0011_000108.jpg,70,0011_000108.jpg,2,test\0011_000108.png
jpeg,stress\jpeg\0011_000109.jpg,70,0011_000109.jpg,2,test\0011_000109.png
jpeg,stress\jpeg\0011_000110.jpg,70,0011_000110.jpg,2,test\0011_000110.png
jpeg,stress\jpeg\0011_000111.jpg,70,0011_000111.jpg,2,test\0011_000111.png
jpeg,stress\jpeg\0011_000112.jpg,70,0011_000112.jpg,2,test\0011_000112.png
jpeg,stress\jpeg\0011_000113.jpg,70,0011_000113.jpg,2,test\0011_000113.png
jpeg,stress\jpeg\0011_000114.jpg,70,0011_000114.jpg,2,test\0011_000114.png
jpeg,stress\jpeg\0011_000115.jpg,70,0011_000115.jpg,2,test\0011_000115.png
jpeg,stress\jpeg\0011_000116.jpg,70,0011_000116.jpg,2,test\0011_000116.png
jpeg,stress\jpeg\0011_000117.jpg,70,0011_000117.jpg,2,test\0011_000117.png
jpeg,stress\jpeg\0011_000118.jpg,70,0011_000118.jpg,2,test\0011_000118.png
jpeg,stress\jpeg\0011_000119.jpg,70,0011_000119.jpg,2,test\0011_000119.png
jpeg,stress\jpeg\0011_000120.jpg,70,0011_000120.jpg,2,test\0011_000120.png
jpeg,stress\jpeg\0011_000121.jpg,70,0011_000121.jpg,2,test\0011_000121.png
jpeg,stress\jpeg\0011_000122.jpg,70,0011_000122.jpg,2,test\0011_000122.png
jpeg,stress\jpeg\0011_000123.jpg,70,0011_000123.jpg,2,test\0011_000123.png
jpeg,stress\jpeg\0011_000124.jpg,70,0011_000124.jpg,2,test\0011_000124.png
jpeg,stress\jpeg\0011_000125.jpg,70,0011_000125.jpg,2,test\0011_000125.png
jpeg,stress\jpeg\0011_000126.jpg,70,0011_000126.jpg,2,test\0011_000126.png
jpeg,stress\jpeg\0011_000127.jpg,70,0011_000127.jpg,2,test\0011_000127.png
jpeg,stress\jpeg\0011_000128.jpg,70,0011_000128.jpg,2,test\0011_000128.png
jpeg,stress\jpeg\0011_000129.jpg,70,0011_000129.jpg,2,test\0011_000129.png
jpeg,stress\jpeg\0011_000130.jpg,70,0011_000130.jpg,2,test\0011_000130.png
jpeg,stress\jpeg\0011_000131.jpg,70,0011_000131.jpg,2,test\0011_000131.png
jpeg,stress\jpeg\0011_000132.jpg,70,0011_000132.jpg,2,test\0011_000132.png
jpeg,stress\jpeg\0011_000133.jpg,70,0011_000133.jpg,2,test\0011_000133.png
jpeg,stress\jpeg\0011_000134.jpg,70,0011_000134.jpg,2,test\0011_000134.png
jpeg,stress\jpeg\0011_000135.jpg,70,0011_000135.jpg,2,test\0011_000135.png
jpeg,stress\jpeg\0011_000136.jpg,70,0011_000136.jpg,2,test\0011_000136.png
jpeg,stress\jpeg\0011_000137.jpg,70,0011_000137.jpg,2,test\0011_000137.png
jpeg,stress\jpeg\0011_000138.jpg,70,0011_000138.jpg,2,test\0011_000138.png
jpeg,stress\jpeg\0011_000139.jpg,70,0011_000139.jpg,2,test\0011_000139.png
jpeg,stress\jpeg\0011_000140.jpg,70,0011_000140.jpg,2,test\0011_000140.png
jpeg,stress\jpeg\0011_000141.jpg,70,0011_000141.jpg,2,test\0011_000141.png
jpeg,stress\jpeg\0011_000142.jpg,70,0011_000142.jpg,2,test\0011_000142.png
jpeg,stress\jpeg\0011_000143.jpg,70,0011_000143.jpg,2,test\0011_000143.png
jpeg,stress\jpeg\0011_000144.jpg,70,0011_000144.jpg,2,test\0011_000144.png
jpeg,stress\jpeg\0011_000145.jpg,70,0011_000145.jpg,2,test\0011_000145.png
jpeg,stress\jpeg\0011_000146.jpg,70,0011_000146.jpg,2,test\0011_000146.png
jpeg,stress\jpeg\0011_000147.jpg,70,0011_000147.jpg,2,test\0011_000147.png
jpeg,stress\jpeg\0011_000148.jpg,70,0011_000148.jpg,2,test\0011_000148.png
jpeg,stress\jpeg\0011_000149.jpg,70,0011_000149.jpg,2,test\0011_000149.png
jpeg,stress\jpeg\0011_000150.jpg,70,0011_000150.jpg,2,test\0011_000150.png
jpeg,stress\jpeg\0011_000151.jpg,70,0011_000151.jpg,2,test\0011_000151.png
jpeg,stress\jpeg\0011_000152.jpg,70,0011_000152.jpg,2,test\0011_000152.png
jpeg,stress\jpeg\0011_000153.jpg,70,0011_000153.jpg,2,test\0011_000153.png
jpeg,stress\jpeg\0011_000154.jpg,70,0011_000154.jpg,2,test\0011_000154.png
jpeg,stress\jpeg\0011_000155.jpg,70,0011_000155.jpg,2,test\0011_000155.png
jpeg,stress\jpeg\0011_000156.jpg,70,0011_000156.jpg,2,test\0011_000156.png
jpeg,stress\jpeg\0011_000157.jpg,70,0011_000157.jpg,2,test\0011_000157.png
jpeg,stress\jpeg\0011_000158.jpg,70,0011_000158.jpg,2,test\0011_000158.png
jpeg,stress\jpeg\0011_000159.jpg,70,0011_000159.jpg,2,test\0011_000159.png
jpeg,stress\jpeg\0011_000160.jpg,70,0011_000160.jpg,2,test\0011_000160.png
jpeg,stress\jpeg\0011_000161.jpg,70,0011_000161.jpg,2,test\0011_000161.png
jpeg,stress\jpeg\0011_000162.jpg,70,0011_000162.jpg,2,test\0011_000162.png
jpeg,stress\jpeg\0011_000163.jpg,70,0011_000163.jpg,2,test\0011_000163.png
jpeg,stress\jpeg\0011_000164.jpg,70,0011_000164.jpg,2,test\0011_000164.png
jpeg,stress\jpeg\0011_000165.jpg,70,0011_000165.jpg,2,test\0011_000165.png
jpeg,stress\jpeg\0011_000166.jpg,70,0011_000166.jpg,2,test\0011_000166.png
jpeg,stress\jpeg\0011_000167.jpg,70,0011_000167.jpg,2,test\0011_000167.png
jpeg,stress\jpeg\0011_000168.jpg,70,0011_000168.jpg,2,test\0011_000168.png
jpeg,stress\jpeg\0011_000169.jpg,70,0011_000169.jpg,2,test\0011_000169.png
jpeg,stress\jpeg\0011_000170.jpg,70,0011_000170.jpg,2,test\0011_000170.png
jpeg,stress\jpeg\0011_000171.jpg,70,0011_000171.jpg,2,test\0011_000171.png
jpeg,stress\jpeg\0011_000172.jpg,70,0011_000172.jpg,2,test\0011_000172.png
jpeg,stress\jpeg\0011_000173.jpg,70,0011_000173.jpg,2,test\0011_000173.png
jpeg,stress\jpeg\0011_000174.jpg,70,0011_000174.jpg,2,test\0011_000174.png
jpeg,stress\jpeg\0011_000175.jpg,70,0011_000175.jpg,2,test\0011_000175.png
jpeg,stress\jpeg\0011_000176.jpg,70,0011_000176.jpg,2,test\0011_000176.png
jpeg,stress\jpeg\0011_000177.jpg,70,0011_000177.jpg,2,test\0011_000177.png
jpeg,stress\jpeg\0011_000178.jpg,70,0011_000178.jpg,2,test\0011_000178.png
jpeg,stress\jpeg\0011_000179.jpg,70,0011_000179.jpg,2,test\0011_000179.png
jpeg,stress\jpeg\0011_000180.jpg,70,0011_000180.jpg,2,test\0011_000180.png
jpeg,stress\jpeg\0011_000181.jpg,70,0011_000181.jpg,2,test\0011_000181.png
jpeg,stress\jpeg\0011_000182.jpg,70,0011_000182.jpg,2,test\0011_000182.png
jpeg,stress\jpeg\0011_000183.jpg,70,0011_000183.jpg,2,test\0011_000183.png
jpeg,stress\jpeg\0011_000184.jpg,70,0011_000184.jpg,2,test\0011_000184.png
jpeg,stress\jpeg\0011_000185.jpg,70,0011_000185.jpg,2,test\0011_000185.png
jpeg,stress\jpeg\0011_000186.jpg,70,0011_000186.jpg,2,test\0011_000186.png
jpeg,stress\jpeg\0011_000187.jpg,70,0011_000187.jpg,2,test\0011_000187.png
jpeg,stress\jpeg\0011_000188.jpg,70,0011_000188.jpg,2,test\0011_000188.png
jpeg,stress\jpeg\0011_000189.jpg,70,0011_000189.jpg,2,test\0011_000189.png
jpeg,stress\jpeg\0011_000190.jpg,70,0011_000190.jpg,2,test\0011_000190.png
jpeg,stress\jpeg\0011_000191.jpg,70,0011_000191.jpg,2,test\0011_000191.png
jpeg,stress\jpeg\0011_000192.jpg,70,0011_000192.jpg,2,test\0011_000192.png
jpeg,stress\jpeg\0011_000193.jpg,70,0011_000193.jpg,2,test\0011_000193.png
jpeg,stress\jpeg\0011_000194.jpg,70,0011_000194.jpg,2,test\0011_000194.png
jpeg,stress\jpeg\0011_000195.jpg,70,0011_000195.jpg,2,test\0011_000195.png
jpeg,stress\jpeg\0011_000196.jpg,70,0011_000196.jpg,2,test\0011_000196.png
jpeg,stress\jpeg\0011_000197.jpg,70,0011_000197.jpg,2,test\0011_000197.png
jpeg,stress\jpeg\0011_000198.jpg,70,0011_000198.jpg,2,test\0011_000198.png
jpeg,stress\jpeg\0011_000199.jpg,70,0011_000199.jpg,2,test\0011_000199.png
jpeg,stress\jpeg\0011_000200.jpg,70,0011_000200.jpg,2,test\0011_000200.png
jpeg,stress\jpeg\0011_000201.jpg,70,0011_000201.jpg,2,test\0011_000201.png
jpeg,stress\jpeg\0011_000202.jpg,70,0011_000202.jpg,2,test\0011_000202.png
jpeg,stress\jpeg\0011_000203.jpg,70,0011_000203.jpg,2,test\0011_000203.png
jpeg,stress\jpeg\0011_000204.jpg,70,0011_000204.jpg,2,test\0011_000204.png
jpeg,stress\jpeg\0011_000205.jpg,70,0011_000205.jpg,2,test\0011_000205.png
jpeg,stress\jpeg\0011_000206.jpg,70,0011_000206.jpg,2,test\0011_000206.png
jpeg,stress\jpeg\0011_000207.jpg,70,0011_000207.jpg,2,test\0011_000207.png
jpeg,stress\jpeg\0011_000208.jpg,70,0011_000208.jpg,2,test\0011_000208.png
jpeg,stress\jpeg\0011_000209.jpg,70,0011_000209.jpg,2,test\0011_000209.png
jpeg,stress\jpeg\0011_000210.jpg,70,0011_000210.jpg,2,test\0011_000210.png
jpeg,stress\jpeg\0011_000211.jpg,70,0011_000211.jpg,2,test\0011_000211.png
jpeg,stress\jpeg\0011_000212.jpg,70,0011_000212.jpg,2,test\0011_000212.png
jpeg,stress\jpeg\0011_000213.jpg,70,0011_000213.jpg,2,test\0011_000213.png
jpeg,stress\jpeg\0011_000214.jpg,70,0011_000214.jpg,2,test\0011_000214.png
jpeg,stress\jpeg\0011_000215.jpg,70,0011_000215.jpg,2,test\0011_000215.png
jpeg,stress\jpeg\0011_000216.jpg,70,0011_000216.jpg,2,test\0011_000216.png
jpeg,stress\jpeg\0011_000217.jpg,70,0011_000217.jpg,2,test\0011_000217.png
jpeg,stress\jpeg\0011_000218.jpg,70,0011_000218.jpg,2,test\0011_000218.png
jpeg,stress\jpeg\0011_000219.jpg,70,0011_000219.jpg,2,test\0011_000219.png
jpeg,stress\jpeg\0011_000220.jpg,70,0011_000220.jpg,2,test\0011_000220.png
jpeg,stress\jpeg\0011_000221.jpg,70,0011_000221.jpg,2,test\0011_000221.png
jpeg,stress\jpeg\0011_000222.jpg,70,0011_000222.jpg,2,test\0011_000222.png
